20MICRONS,EQ,80.85,80.75,10-APR-2023,INE144J01027
21STCENMGM,EQ,20.8,20.8,10-APR-2023,INE253B01015
360ONE,EQ,432.2,433.8,10-APR-2023,INE466L01038
3IINFOLTD,EQ,34.4,34.45,10-APR-2023,INE748C01038
3MINDIA,EQ,22780.45,22888,10-APR-2023,INE470A01017
3PLAND,EQ,23.15,23.15,10-APR-2023,INE105C01023
5PAISA,EQ,286.95,286.5,10-APR-2023,INE618L01018
63MOONS,EQ,168.6,168.3,10-APR-2023,INE111B01023
A2ZINFRA,EQ,6.85,6.9,10-APR-2023,INE619I01012
AAATECH,EQ,58.25,58.25,10-APR-2023,INE0D0U01013
AAKASH,EQ,6.6,6.65,10-APR-2023,INE087Z01024
AAREYDRUGS,EQ,28.4,28.4,10-APR-2023,INE198H01019
AARON,EQ,194.65,194.7,10-APR-2023,INE721Z01010
AARTIDRUGS,EQ,408.75,405,10-APR-2023,INE767A01016
AARTIIND,EQ,537,538,10-APR-2023,INE769A01020
AARTIPHARM,EQ,301.75,302.8,10-APR-2023,INE0LRU01027
AARTISURF,EQ,570.9,570.9,10-APR-2023,INE09EO01013
AARVEEDEN,EQ,23.45,23.7,10-APR-2023,INE273D01019
AARVI,EQ,132.9,132.95,10-APR-2023,INE754X01016
AAVAS,EQ,1673.15,1675,10-APR-2023,INE216P01012
ABAN,EQ,36.9,37.2,10-APR-2023,INE421A01028
ABB,EQ,3397.65,3400,10-APR-2023,INE117A01022
ABBOTINDIA,EQ,22831.65,22880,10-APR-2023,INE358A01014
ABCAPITAL,EQ,159.75,159.45,10-APR-2023,INE674K01013
ABFRL,EQ,221.95,222,10-APR-2023,INE647O01011
ABSLAMC,EQ,331.95,332.6,10-APR-2023,INE404A01024
ABSLBANETF,EQ,40.94,40.89,10-APR-2023,INF209KB17D5
ABSLLIQUID,EQ,999.99,999.99,10-APR-2023,INF209KB18T9
ABSLNN50ET,EQ,39.58,39.4,10-APR-2023,INF209KB16D7
ACC,EQ,1740.95,1745,10-APR-2023,INE012A01025
ACCELYA,EQ,1260.85,1259,10-APR-2023,INE793A01012
ACCURACY,EQ,13.8,13.85,10-APR-2023,INE648Z01023
ACE,EQ,406.05,406.1,10-APR-2023,INE731H01025
ACI,EQ,610.35,611.9,10-APR-2023,INE128X01021
ADANIENT,EQ,1797.25,1797,10-APR-2023,INE423A01024
ADANIGREEN,EQ,899.15,899.15,10-APR-2023,INE364U01010
ADANIPORTS,EQ,652,652.25,10-APR-2023,INE742F01042
ADANIPOWER,EQ,194,194.05,10-APR-2023,INE814H01011
ADANITRANS,EQ,1000.85,1000.85,10-APR-2023,INE931S01010
ADFFOODS,EQ,734.2,731.45,10-APR-2023,INE982B01019
ADORWELD,EQ,990,987.05,10-APR-2023,INE045A01017
ADROITINFO,EQ,21.55,21.7,10-APR-2023,INE737B01033
ADSL,EQ,84.55,84.7,10-APR-2023,INE102I01027
ADVANIHOTR,EQ,73.3,73.2,10-APR-2023,INE199C01026
ADVENZYMES,EQ,251.55,250.1,10-APR-2023,INE837H01020
AEGISCHEM,EQ,386.55,387,10-APR-2023,INE208C01025
AETHER,EQ,904.85,906,10-APR-2023,INE0BWX01014
AFFLE,EQ,946.7,949.9,10-APR-2023,INE00WC01027
AGARIND,EQ,585.15,587,10-APR-2023,INE204E01012
AGI,EQ,357.4,357.2,10-APR-2023,INE415A01038
AGRITECH,EQ,97.8,98.15,10-APR-2023,INE449G01018
AGROPHOS,EQ,33.55,33.6,10-APR-2023,INE740V01019
AGSTRA,EQ,48.95,49,10-APR-2023,INE583L01014
AHL,EQ,216,215.3,10-APR-2023,INE00ZE01026
AHLADA,EQ,89.85,90,10-APR-2023,INE00PV01013
AHLEAST,EQ,114.05,114.25,10-APR-2023,INE926K01017
AHLUCONT,EQ,541.25,539.15,10-APR-2023,INE758C01029
AIAENG,EQ,2895.85,2910,10-APR-2023,INE212H01026
AIRAN,EQ,15.25,15.25,10-APR-2023,INE645W01026
AIROLAM,EQ,71.55,71.4,10-APR-2023,INE801L01010
AJANTPHARM,EQ,1290.85,1283,10-APR-2023,INE031B01049
AJMERA,EQ,313.25,313.1,10-APR-2023,INE298G01027
AJOONI,EQ,4.9,4.95,10-APR-2023,INE820Y01021
AKASH,EQ,26.85,27.45,10-APR-2023,INE737W01013
AKG,EQ,33.3,34,10-APR-2023,INE00Y801016
AKI,EQ,97.05,97.05,10-APR-2023,INE642Z01018
AKSHARCHEM,EQ,225.6,225.35,10-APR-2023,INE542B01011
AKSHOPTFBR,EQ,8.85,8.85,10-APR-2023,INE523B01011
AKZOINDIA,EQ,2286.8,2282,10-APR-2023,INE133A01011
ALANKIT,EQ,8.7,8.6,10-APR-2023,INE914E01040
ALBERTDAVD,EQ,538.65,537,10-APR-2023,INE155C01010
ALEMBICLTD,EQ,60.6,60.85,10-APR-2023,INE426A01027
ALICON,EQ,715.4,715.7,10-APR-2023,INE062D01024
ALKALI,EQ,95.8,96,10-APR-2023,INE773I01017
ALKEM,EQ,3372.55,3361.15,10-APR-2023,INE540L01014
ALKYLAMINE,EQ,2238.3,2240,10-APR-2023,INE150B01039
ALLCARGO,EQ,354.3,354.95,10-APR-2023,INE418H01029
ALLSEC,EQ,474.1,470,10-APR-2023,INE835G01018
ALMONDZ,EQ,67.35,67.1,10-APR-2023,INE326B01027
ALOKINDS,EQ,12.55,12.6,10-APR-2023,INE270A01029
ALPA,EQ,57.2,57.05,10-APR-2023,INE385I01010
ALPHAGEO,EQ,219.95,218.15,10-APR-2023,INE137C01018
ALPSINDUS,EQ,1.3,1.3,10-APR-2023,INE093B01015
AMARAJABAT,EQ,574.1,573.45,10-APR-2023,INE885A01032
AMBER,EQ,1892.35,1888.25,10-APR-2023,INE371P01015
AMBICAAGAR,EQ,19.9,20.25,10-APR-2023,INE792B01012
AMBIKCO,EQ,1529.55,1520,10-APR-2023,INE540G01014
AMBUJACEM,EQ,384.35,384.55,10-APR-2023,INE079A01024
AMDIND,EQ,54.5,54.5,10-APR-2023,INE005I01014
AMIORG,EQ,931.35,933.05,10-APR-2023,INE00FF01017
AMJLAND,EQ,22.45,22.9,10-APR-2023,INE606A01024
AMRUTANJAN,EQ,606.55,612,10-APR-2023,INE098F01031
ANANDRATHI,EQ,810,809.95,10-APR-2023,INE463V01026
ANANTRAJ,EQ,135.15,134.8,10-APR-2023,INE242C01024
ANDHRAPAP,EQ,425.15,426,10-APR-2023,INE435A01028
ANDHRSUGAR,EQ,114.15,114,10-APR-2023,INE715B01021
ANDREWYU,EQ,20.6,20.7,10-APR-2023,INE449C01025
ANGELONE,EQ,1220.8,1225,10-APR-2023,INE732I01013
ANIKINDS,EQ,31.25,30.95,10-APR-2023,INE087B01017
ANKITMETAL,EQ,4.35,4.35,10-APR-2023,INE106I01010
ANMOL,EQ,206.2,205.5,10-APR-2023,INE02AR01019
ANTGRAPHIC,EQ,0.75,0.75,10-APR-2023,INE414B01021
ANUP,EQ,1028.6,1027,10-APR-2023,INE294Z01018
ANURAS,EQ,912,911,10-APR-2023,INE930P01018
APARINDS,EQ,2695.3,2694.95,10-APR-2023,INE372A01015
APCL,EQ,171.1,171.85,10-APR-2023,INE071F01012
APCOTEXIND,EQ,502.6,502,10-APR-2023,INE116A01032
APEX,EQ,199.75,199,10-APR-2023,INE346W01013
APLAPOLLO,EQ,1186.95,1186,10-APR-2023,INE702C01027
APLLTD,EQ,510.8,511,10-APR-2023,INE901L01018
APOLLO,EQ,301.25,301.25,10-APR-2023,INE713T01010
APOLLOHOSP,EQ,4237,4231.5,10-APR-2023,INE437A01024
APOLLOPIPE,EQ,533.7,532.95,10-APR-2023,INE126J01016
APOLLOTYRE,EQ,328.35,328,10-APR-2023,INE438A01022
APOLSINHOT,EQ,1093.7,1080,10-APR-2023,INE451F01024
APTECHT,EQ,415,415,10-APR-2023,INE266F01018
APTUS,EQ,240.05,242.35,10-APR-2023,INE852O01025
ARCHIDPLY,EQ,59.75,59,10-APR-2023,INE877I01016
ARCHIES,EQ,19.25,19.1,10-APR-2023,INE731A01020
ARENTERP,EQ,30.1,30.1,10-APR-2023,INE610C01014
ARIES,EQ,157,157,10-APR-2023,INE298I01015
ARIHANTCAP,EQ,41.95,42,10-APR-2023,INE420B01036
ARIHANTSUP,EQ,221.3,221.5,10-APR-2023,INE643K01018
ARMANFIN,EQ,1395.85,1407.5,10-APR-2023,INE109C01017
AROGRANITE,EQ,39.95,40.15,10-APR-2023,INE210C01013
ARROWGREEN,EQ,255.05,254.25,10-APR-2023,INE570D01018
ARSHIYA,EQ,5.85,5.85,10-APR-2023,INE968D01022
ARTEMISMED,EQ,68.7,69,10-APR-2023,INE025R01021
ARTNIRMAN,EQ,49.95,50.85,10-APR-2023,INE738V01013
ARVEE,EQ,101.55,101.55,10-APR-2023,INE006Z01016
ARVIND,EQ,89.8,89.55,10-APR-2023,INE034A01011
ARVINDFASN,EQ,294.15,292,10-APR-2023,INE955V01021
ARVSMART,EQ,300.15,300,10-APR-2023,INE034S01021
ASAHIINDIA,EQ,459.95,460,10-APR-2023,INE439A01020
ASAHISONG,EQ,200.8,201.5,10-APR-2023,INE228I01012
ASAL,EQ,319.15,318,10-APR-2023,INE900C01027
ASALCBR,EQ,362.45,364.6,10-APR-2023,INE073G01016
ASHAPURMIN,EQ,128.75,128.5,10-APR-2023,INE348A01023
ASHIANA,EQ,178.15,178.8,10-APR-2023,INE365D01021
ASHIMASYN,EQ,14.1,14.1,10-APR-2023,INE440A01010
ASHOKA,EQ,80.8,80.8,10-APR-2023,INE442H01029
ASHOKLEY,EQ,138.2,138.2,10-APR-2023,INE208A01029
ASIANPAINT,EQ,2776.35,2776.35,10-APR-2023,INE021A01026
ASIANTILES,EQ,40,40.1,10-APR-2023,INE022I01019
ASPINWALL,EQ,203.1,204,10-APR-2023,INE991I01015
ASTEC,EQ,1340.3,1365,10-APR-2023,INE563J01010
ASTERDM,EQ,250.1,249.65,10-APR-2023,INE914M01019
ASTRAL,EQ,1404.2,1405,10-APR-2023,INE006I01046
ASTRAMICRO,EQ,249.65,251,10-APR-2023,INE386C01029
ASTRAZEN,EQ,3259.7,3250,10-APR-2023,INE203A01020
ASTRON,EQ,24.65,24.8,10-APR-2023,INE646X01014
ATFL,EQ,886.95,891.8,10-APR-2023,INE209A01019
ATGL,EQ,906.15,906.15,10-APR-2023,INE399L01023
ATLANTA,EQ,17.15,17.3,10-APR-2023,INE285H01022
ATUL,EQ,7006.9,6992.1,10-APR-2023,INE100A01010
ATULAUTO,EQ,414.75,413.7,10-APR-2023,INE951D01028
AUBANK,EQ,564.5,565.25,10-APR-2023,INE949L01017
AURIONPRO,EQ,334.3,332.9,10-APR-2023,INE132H01018
AUROPHARMA,EQ,540.75,539.25,10-APR-2023,INE406A01037
AURUM,EQ,107.2,106.9,10-APR-2023,INE898S01029
AUSOMENT,EQ,60.35,59.25,10-APR-2023,INE218C01016
AUTOAXLES,EQ,2464.65,2465,10-APR-2023,INE449A01011
AUTOBEES,EQ,127.36,127.48,10-APR-2023,INF204KC1337
AUTOIND,EQ,74,73.7,10-APR-2023,INE718H01014
AVADHSUGAR,EQ,468.4,466.25,10-APR-2023,INE349W01017
AVANTIFEED,EQ,357.9,357.45,10-APR-2023,INE871C01038
AVONMORE,EQ,66.65,66.85,10-APR-2023,INE323B01016
AVROIND,EQ,122.1,122.7,10-APR-2023,INE652Z01017
AVTNPL,EQ,81.35,81.5,10-APR-2023,INE488D01021
AWHCL,EQ,256.6,256.7,10-APR-2023,INE01BK01022
AWL,EQ,410,410,10-APR-2023,INE699H01024
AXISBANK,EQ,847.35,845.5,10-APR-2023,INE238A01034
AXISBNKETF,EQ,411.67,412.18,10-APR-2023,INF846K01X63
AXISBPSETF,EQ,10.88,10.86,10-APR-2023,INF846K01Z04
AXISCADES,EQ,306.45,306.45,10-APR-2023,INE555B01013
AXISCETF,EQ,73.5,73.48,10-APR-2023,INF846K016C7
AXISGOLD,EQ,51.46,51.45,10-APR-2023,INF846K01W80
AXISHCETF,EQ,78.3,78.3,10-APR-2023,INF846K01Z12
AXISILVER,EQ,75.67,75.51,10-APR-2023,INF846K011K1
AXISNIFTY,EQ,187.48,187.62,10-APR-2023,INF846K01W98
AXISTECETF,EQ,300.93,300.93,10-APR-2023,INF846K01Y96
AXITA,EQ,64.35,64.3,10-APR-2023,INE02EZ01022
AXSENSEX,EQ,59.38,59.3,10-APR-2023,INF846K010Q0
AYMSYNTEX,EQ,69.9,68.1,10-APR-2023,INE193B01039
BAGFILMS,EQ,4.55,4.55,10-APR-2023,INE116D01028
BAIDFIN,EQ,35.5,36,10-APR-2023,INE020D01022
BAJAJ-AUTO,EQ,4061.6,4060.75,10-APR-2023,INE917I01010
BAJAJCON,EQ,151.8,151.6,10-APR-2023,INE933K01021
BAJAJELEC,EQ,1052.4,1053,10-APR-2023,INE193E01025
BAJAJFINSV,EQ,1305.05,1306,10-APR-2023,INE918I01026
BAJAJHCARE,EQ,316.2,317.25,10-APR-2023,INE411U01027
BAJAJHIND,EQ,13.25,13.25,10-APR-2023,INE306A01021
BAJAJHLDNG,EQ,5912.05,5917,10-APR-2023,INE118A01012
BAJFINANCE,EQ,5828.8,5830,10-APR-2023,INE296A01024
BALAJITELE,EQ,40.7,40.8,10-APR-2023,INE794B01026
BALAMINES,EQ,2254,2244,10-APR-2023,INE050E01027
BALAXI,EQ,548.65,555,10-APR-2023,INE618N01014
BALKRISHNA,EQ,29.2,29.2,10-APR-2023,INE875R01011
BALKRISIND,EQ,1990.7,1994.8,10-APR-2023,INE787D01026
BALMLAWRIE,EQ,113.5,113.9,10-APR-2023,INE164A01016
BALPHARMA,EQ,73.8,74.35,10-APR-2023,INE083D01012
BALRAMCHIN,EQ,412.9,412.55,10-APR-2023,INE119A01028
BANARBEADS,EQ,79.4,80.2,10-APR-2023,INE655B01011
BANARISUG,EQ,2805.4,2808.6,10-APR-2023,INE459A01010
BANCOINDIA,EQ,226.1,227.3,10-APR-2023,INE213C01025
BANDHANBNK,EQ,210.05,209.8,10-APR-2023,INE545U01014
BANG,EQ,38.25,38.9,10-APR-2023,INE863I01016
BANKA,EQ,71.25,71,10-APR-2023,INE862Y01015
BANKBARODA,EQ,166.2,166.3,10-APR-2023,INE028A01039
BANKBEES,EQ,413.13,413.1,10-APR-2023,INF204KB15I9
BANKINDIA,EQ,75.4,75.45,10-APR-2023,INE084A01016
BANSWRAS,EQ,133.6,132.8,10-APR-2023,INE629D01020
BARBEQUE,EQ,662.65,663.55,10-APR-2023,INE382M01027
BASF,EQ,2323.5,2325,10-APR-2023,INE373A01013
BASML,EQ,40.35,40.5,10-APR-2023,INE186H01022
BATAINDIA,EQ,1404,1405,10-APR-2023,INE176A01028
BAYERCROP,EQ,4124.05,4125,10-APR-2023,INE462A01022
BBETF0432,EQ,1055.28,1055.71,10-APR-2023,INF754K01OB1
BBL,EQ,2681.75,2670,10-APR-2023,INE464A01028
BBOX,EQ,112.5,113.55,10-APR-2023,INE676A01027
BBTC,EQ,855.55,855,10-APR-2023,INE050A01025
BBTCL,EQ,229.4,226.45,10-APR-2023,INE01EE01011
BCG,EQ,17.6,17.6,10-APR-2023,INE425B01027
BCLIND,EQ,424.9,424,10-APR-2023,INE412G01016
BCONCEPTS,EQ,211.1,210.3,10-APR-2023,INE977Y01011
BCP,EQ,4.15,4.1,10-APR-2023,INE905P01028
BDL,EQ,977.05,974.1,10-APR-2023,INE171Z01018
BEARDSELL,EQ,24.2,24.35,10-APR-2023,INE520H01022
BECTORFOOD,EQ,562,565.95,10-APR-2023,INE495P01012
BEDMUTHA,EQ,58,58,10-APR-2023,INE844K01012
BEL,EQ,99.9,99.9,10-APR-2023,INE263A01024
BEML,EQ,1268.55,1278,10-APR-2023,INE258A01016
BEPL,EQ,104.1,104,10-APR-2023,INE922A01025
BERGEPAINT,EQ,595.25,595.7,10-APR-2023,INE463A01038
BESTAGRO,EQ,1086.4,1087,10-APR-2023,INE052T01013
BFINVEST,EQ,441.95,440.5,10-APR-2023,INE878K01010
BFUTILITIE,EQ,318.4,317,10-APR-2023,INE243D01012
BGRENERGY,EQ,50.05,50,10-APR-2023,INE661I01014
BHAGCHEM,EQ,1277.9,1279.85,10-APR-2023,INE414D01019
BHAGERIA,EQ,131.85,131.2,10-APR-2023,INE354C01027
BHAGYANGR,EQ,46.45,46.55,10-APR-2023,INE458B01036
BHANDARI,EQ,4.75,4.7,10-APR-2023,INE474E01029
BHARATFORG,EQ,756.45,756.65,10-APR-2023,INE465A01025
BHARATGEAR,EQ,116.2,116,10-APR-2023,INE561C01019
BHARATRAS,EQ,9531.25,9516.1,10-APR-2023,INE838B01013
BHARATWIRE,EQ,147.4,146,10-APR-2023,INE316L01019
BHARTIARTL,EQ,769.75,770,10-APR-2023,INE397D01024
BHEL,EQ,71.3,71.3,10-APR-2023,INE257A01026
BIGBLOC,EQ,125.4,126,10-APR-2023,INE412U01025
BIKAJI,EQ,352.7,353,10-APR-2023,INE00E101023
BIL,EQ,180.55,180,10-APR-2023,INE828A01016
BINANIIND,EQ,24.45,24.45,10-APR-2023,INE071A01013
BINDALAGRO,EQ,21.05,21.1,10-APR-2023,INE143A01010
BIOCON,EQ,215.5,215.45,10-APR-2023,INE376G01013
BIOFILCHEM,EQ,43.9,43.75,10-APR-2023,INE829A01014
BIRLACABLE,EQ,133.25,134,10-APR-2023,INE800A01015
BIRLACORPN,EQ,919.6,917.35,10-APR-2023,INE340A01012
BIRLAMONEY,EQ,47.45,47.5,10-APR-2023,INE865C01022
BLBLIMITED,EQ,22.15,22.5,10-APR-2023,INE791A01024
BLISSGVS,EQ,74.15,74.5,10-APR-2023,INE416D01022
BLKASHYAP,EQ,32.6,32.5,10-APR-2023,INE350H01032
BLS,EQ,167.05,166.9,10-APR-2023,INE153T01027
BLUEDART,EQ,6450.45,6449.9,10-APR-2023,INE233B01017
BLUESTARCO,EQ,1420.65,1420,10-APR-2023,INE472A01039
BODALCHEM,EQ,66.3,66.2,10-APR-2023,INE338D01028
BOHRAIND,EQ,78.75,78.8,10-APR-2023,INE802W01023
BOMDYEING,EQ,69.7,69.75,10-APR-2023,INE032A01023
BOROLTD,EQ,377.15,375,10-APR-2023,INE02PY01013
BORORENEW,EQ,435.6,436.1,10-APR-2023,INE666D01022
BOSCHLTD,EQ,18542.8,18588.8,10-APR-2023,INE323A01026
BPCL,EQ,335.8,335.4,10-APR-2023,INE029A01011
BPL,EQ,56.05,56.5,10-APR-2023,INE110A01019
BRIGADE,EQ,491,491.9,10-APR-2023,INE791I01019
BRITANNIA,EQ,4266.4,4258,10-APR-2023,INE216A01030
BRNL,EQ,28.25,28.5,10-APR-2023,INE727S01012
BROOKS,EQ,68.1,68.45,10-APR-2023,INE650L01011
BSE,EQ,457.6,458,10-APR-2023,INE118H01025
BSL,EQ,165.1,164,10-APR-2023,INE594B01012
BSLGOLDETF,EQ,54.2,54.2,10-APR-2023,INF209KB18D3
BSLNIFTY,EQ,19.85,19.85,10-APR-2023,INF209KB19D1
BSLSENETFG,EQ,57.86,57.86,10-APR-2023,INF209KB10E8
BSOFT,EQ,266.75,267.5,10-APR-2023,INE836A01035
BTML,EQ,199.6,199.8,10-APR-2023,INE0EEJ01015
BURNPUR,EQ,5.25,5.25,10-APR-2023,INE817H01014
BUTTERFLY,EQ,1211.4,1211.3,10-APR-2023,INE295F01017
BVCL,EQ,24.85,24.5,10-APR-2023,INE139I01011
BYKE,EQ,38.2,38.1,10-APR-2023,INE319B01014
CALSOFT,EQ,13.8,13.8,10-APR-2023,INE526B01014
CAMLINFINE,EQ,154.55,153.9,10-APR-2023,INE052I01032
CAMPUS,EQ,337.5,336.5,10-APR-2023,INE278Y01022
CAMS,EQ,2227.5,2229,10-APR-2023,INE596I01012
CANBK,EQ,283.3,283.4,10-APR-2023,INE476A01014
CANFINHOME,EQ,582.15,581.2,10-APR-2023,INE477A01020
CANTABIL,EQ,856.45,855,10-APR-2023,INE068L01016
CAPACITE,EQ,132.15,132.1,10-APR-2023,INE264T01014
CAPLIPOINT,EQ,614.25,614.95,10-APR-2023,INE475E01026
CAPTRUST,EQ,61.35,61,10-APR-2023,INE707C01018
CARBORUNIV,EQ,984.7,984,10-APR-2023,INE120A01034
CAREERP,EQ,230.85,230.9,10-APR-2023,INE521J01018
CARERATING,EQ,639.1,637.1,10-APR-2023,INE752H01013
CARTRADE,EQ,396.9,399.9,10-APR-2023,INE290S01011
CARYSIL,EQ,593.5,593.9,10-APR-2023,INE482D01024
CASTROLIND,EQ,114.5,114.8,10-APR-2023,INE172A01027
CCHHL,EQ,7,6.95,10-APR-2023,INE652F01027
CCL,EQ,563.2,562.7,10-APR-2023,INE421D01022
CDSL,EQ,992.15,990,10-APR-2023,INE736A01011
CEATLTD,EQ,1455.65,1451.75,10-APR-2023,INE482A01020
CELEBRITY,EQ,14.5,14.4,10-APR-2023,INE185H01016
CENTENKA,EQ,364.95,364,10-APR-2023,INE485A01015
CENTEXT,EQ,9.1,9,10-APR-2023,INE281A01026
CENTRALBK,EQ,24.5,24.4,10-APR-2023,INE483A01010
CENTRUM,EQ,18.65,18.75,10-APR-2023,INE660C01027
CENTUM,EQ,746.8,745,10-APR-2023,INE320B01020
CENTURYPLY,EQ,467.05,469,10-APR-2023,INE348B01021
CENTURYTEX,EQ,667.5,667,10-APR-2023,INE055A01016
CERA,EQ,6336.9,6337,10-APR-2023,INE739E01017
CEREBRAINT,EQ,7.95,7.95,10-APR-2023,INE345B01019
CESC,EQ,69.45,69.5,10-APR-2023,INE486A01021
CGCL,EQ,583.35,584,10-APR-2023,INE180C01026
CGPOWER,EQ,288.05,287,10-APR-2023,INE067A01029
CHALET,EQ,363.45,364.05,10-APR-2023,INE427F01016
CHAMBLFERT,EQ,278.5,279,10-APR-2023,INE085A01013
CHEMBOND,EQ,272.45,274,10-APR-2023,INE995D01025
CHEMCON,EQ,250.55,251.5,10-APR-2023,INE03YM01018
CHEMFAB,EQ,262.6,265,10-APR-2023,INE783X01023
CHEMPLASTS,EQ,403.05,403.45,10-APR-2023,INE488A01050
CHENNPETRO,EQ,251.05,250,10-APR-2023,INE178A01016
CHEVIOT,EQ,1018.75,1024,10-APR-2023,INE974B01016
CHOICEIN,EQ,285.5,287,10-APR-2023,INE102B01014
CHOLAFIN,EQ,829.2,829.1,10-APR-2023,INE121A01024
CHOLAHLDNG,EQ,582.3,577.25,10-APR-2023,INE149A01033
CIGNITITEC,EQ,780.35,783,10-APR-2023,INE675C01017
CINELINE,EQ,100.3,98,10-APR-2023,INE704H01022
CINEVISTA,EQ,12.75,12.75,10-APR-2023,INE039B01026
CIPLA,EQ,901.85,902,10-APR-2023,INE059A01026
CLEAN,EQ,1402.15,1398,10-APR-2023,INE227W01023
CLEDUCATE,EQ,52.5,53,10-APR-2023,INE201M01029
CLSEL,EQ,176.45,176.75,10-APR-2023,INE419D01026
CMICABLES,EQ,11.05,11.05,10-APR-2023,INE981B01011
CMSINFO,EQ,285.65,286,10-APR-2023,INE925R01014
COALINDIA,EQ,222.05,222,10-APR-2023,INE522F01014
COASTCORP,EQ,194.95,193,10-APR-2023,INE377E01016
COCHINSHIP,EQ,486.75,485.8,10-APR-2023,INE704P01017
COFFEEDAY,EQ,32.05,31.9,10-APR-2023,INE335K01011
COFORGE,EQ,4061.3,4040,10-APR-2023,INE591G01017
COLPAL,EQ,1536.85,1536.95,10-APR-2023,INE259A01022
COMPINFO,EQ,14.25,14.2,10-APR-2023,INE070C01037
COMPUSOFT,EQ,18.85,18.8,10-APR-2023,INE453B01029
CONCOR,EQ,577.35,577,10-APR-2023,INE111A01025
CONFIPET,EQ,64.5,64.45,10-APR-2023,INE552D01024
CONSOFINVT,EQ,105.95,106,10-APR-2023,INE025A01027
CONSUMBEES,EQ,79.22,79.27,10-APR-2023,INF204KA1LD7
CONTROLPR,EQ,531.05,529.1,10-APR-2023,INE663B01015
CORALFINAC,EQ,29.45,29.35,10-APR-2023,INE558D01021
CORDSCABLE,EQ,66.55,66.7,10-APR-2023,INE792I01017
COROMANDEL,EQ,933.85,935.05,10-APR-2023,INE169A01031
COSMOFIRST,EQ,619.8,616.3,10-APR-2023,INE757A01017
COUNCODOS,EQ,3.85,3.85,10-APR-2023,INE695B01025
CPSEETF,EQ,40.58,40.59,10-APR-2023,INF457M01133
CRAFTSMAN,EQ,3014.75,3017,10-APR-2023,INE00LO01017
CREATIVE,EQ,441.1,445.75,10-APR-2023,INE985W01018
CREATIVEYE,EQ,4.25,4.25,10-APR-2023,INE230B01021
CREDITACC,EQ,959.35,957,10-APR-2023,INE741K01010
CREST,EQ,159.15,159,10-APR-2023,INE559D01011
CRISIL,EQ,3411.15,3400,10-APR-2023,INE007A01025
CROMPTON,EQ,299.05,298.35,10-APR-2023,INE299U01018
CROWN,EQ,38,38,10-APR-2023,INE491V01019
CSBBANK,EQ,255,256,10-APR-2023,INE679A01013
CSLFINANCE,EQ,214.25,214.95,10-APR-2023,INE718F01018
CTE,EQ,50.55,50.15,10-APR-2023,INE627H01017
CUB,EQ,125.65,125.65,10-APR-2023,INE491A01021
CUBEXTUB,EQ,32.6,32.75,10-APR-2023,INE144D01012
CUMMINSIND,EQ,1579.2,1587,10-APR-2023,INE298A01020
CUPID,EQ,262.75,262.5,10-APR-2023,INE509F01011
CYBERMEDIA,EQ,15.9,15.85,10-APR-2023,INE278G01037
CYBERTECH,EQ,115.15,115,10-APR-2023,INE214A01019
CYIENT,EQ,1074.6,1077.95,10-APR-2023,INE136B01020
DAAWAT,EQ,97.95,97.7,10-APR-2023,INE818H01020
DABUR,EQ,523.2,522.7,10-APR-2023,INE016A01026
DALBHARAT,EQ,1983.65,1985,10-APR-2023,INE00R701025
DALMIASUG,EQ,348.5,348.4,10-APR-2023,INE495A01022
DAMODARIND,EQ,43.05,43.45,10-APR-2023,INE497D01022
DANGEE,EQ,15.25,15.3,10-APR-2023,INE688Y01022
DATAMATICS,EQ,296.9,298,10-APR-2023,INE365B01017
DATAPATTNS,EQ,1480.65,1480,10-APR-2023,INE0IX101010
DBCORP,EQ,103.9,103.5,10-APR-2023,INE950I01011
DBL,EQ,184.35,184.75,10-APR-2023,INE917M01012
DBOL,EQ,150.25,151,10-APR-2023,INE0I3401014
DBREALTY,EQ,69.55,69.55,10-APR-2023,INE879I01012
DBSTOCKBRO,EQ,23.25,23.25,10-APR-2023,INE921B01025
DCAL,EQ,130.65,131,10-APR-2023,INE385W01011
DCBBANK,EQ,101.8,101.9,10-APR-2023,INE503A01015
DCI,EQ,115.7,115.15,10-APR-2023,INE0A1101019
DCM,EQ,72.9,72.8,10-APR-2023,INE498A01018
DCMFINSERV,EQ,4.1,4.2,10-APR-2023,INE891B01012
DCMNVL,EQ,158.25,160,10-APR-2023,INE08KP01019
DCMSHRIRAM,EQ,837.25,840,10-APR-2023,INE499A01024
DCMSRIND,EQ,65.3,65.25,10-APR-2023,INE843D01027
DCW,EQ,45.6,45.3,10-APR-2023,INE500A01029
DCXINDIA,EQ,170.4,170.3,10-APR-2023,INE0KL801015
DECCANCE,EQ,442.4,445,10-APR-2023,INE583C01021
DEEPAKFERT,EQ,592.15,592.1,10-APR-2023,INE501A01019
DEEPAKNTR,EQ,1822.65,1820,10-APR-2023,INE288B01029
DEEPENR,EQ,105.5,105.5,10-APR-2023,INE677H01012
DEEPINDS,EQ,141.7,140.1,10-APR-2023,INE0FHS01024
DELHIVERY,EQ,327.95,329,10-APR-2023,INE148O01028
DELPHIFX,EQ,324.75,321,10-APR-2023,INE726L01019
DELTACORP,EQ,194.85,194.1,10-APR-2023,INE124G01033
DELTAMAGNT,EQ,72.05,72.95,10-APR-2023,INE393A01011
DEN,EQ,28.15,28.3,10-APR-2023,INE947J01015
DENORA,EQ,877.05,871.2,10-APR-2023,INE244A01016
DEVIT,EQ,98.4,98.25,10-APR-2023,INE060X01026
DEVYANI,EQ,145.5,145.6,10-APR-2023,INE872J01023
DGCONTENT,EQ,15.75,15.9,10-APR-2023,INE03JI01017
DHAMPURSUG,EQ,239.45,238.7,10-APR-2023,INE041A01016
DHANBANK,EQ,15.3,15.3,10-APR-2023,INE680A01011
DHANI,EQ,40.55,40.15,10-APR-2023,INE274G01010
DHANUKA,EQ,638.35,639,10-APR-2023,INE435G01025
DHARMAJ,EQ,161.15,161,10-APR-2023,INE00OQ01016
DHRUV,EQ,49.15,49,10-APR-2023,INE506Z01015
DHUNINV,EQ,612.05,610,10-APR-2023,INE320L01011
DIAMONDYD,EQ,755.9,747.9,10-APR-2023,INE393P01035
DICIND,EQ,394.5,395,10-APR-2023,INE303A01010
DIGISPICE,EQ,18.8,18.8,10-APR-2023,INE927C01020
DIL,EQ,17.85,17.55,10-APR-2023,INE411Y01011
DISHTV,EQ,13.5,13.5,10-APR-2023,INE836F01026
DIVGIITTS,EQ,648.05,646,10-APR-2023,INE753U01022
DIVISLAB,EQ,2909.65,2905.75,10-APR-2023,INE361B01024
DIVOPPBEES,EQ,49.1,49.2,10-APR-2023,INF204KA1MS3
DIXON,EQ,2977.05,2980,10-APR-2023,INE935N01020
DJML,EQ,149.7,149.4,10-APR-2023,INE0B1K01014
DLF,EQ,405.5,404.7,10-APR-2023,INE271C01023
DLINKINDIA,EQ,249.45,249,10-APR-2023,INE250K01012
DMART,EQ,3450.7,3447,10-APR-2023,INE192R01011
DMCC,EQ,249.1,247.2,10-APR-2023,INE505A01010
DNAMEDIA,EQ,2.65,2.65,10-APR-2023,INE016M01021
DODLA,EQ,484.15,485.4,10-APR-2023,INE021O01019
DOLATALGO,EQ,47.35,47.35,10-APR-2023,INE966A01022
DOLLAR,EQ,370.8,370.9,10-APR-2023,INE325C01035
DONEAR,EQ,88.75,88.35,10-APR-2023,INE668D01028
DPABHUSHAN,EQ,307.85,308,10-APR-2023,INE266Y01019
DPSCLTD,EQ,10.15,10.1,10-APR-2023,INE360C01024
DPWIRES,EQ,374.45,373.5,10-APR-2023,INE864X01013
DRCSYSTEMS,EQ,46.3,45.95,10-APR-2023,INE03RS01027
DREAMFOLKS,EQ,430.1,430.75,10-APR-2023,INE0JS101016
DREDGECORP,EQ,299,299.5,10-APR-2023,INE506A01018
DRREDDY,EQ,4759.65,4770,10-APR-2023,INE089A01023
DSPBANKETF,EQ,40.77,40.8,10-APR-2023,INF740KA1RX3
DSPN50ETF,EQ,178.82,178.45,10-APR-2023,INF740KA1CL0
DSPNEWETF,EQ,203.18,203.19,10-APR-2023,INF740KA1QK2
DSPQ50ETF,EQ,157.94,158.08,10-APR-2023,INF740KA1QL0
DSPSILVETF,EQ,73.48,73.3,10-APR-2023,INF740KA1RE3
DSSL,EQ,360.5,360.05,10-APR-2023,INE417B01040
DTIL,EQ,194.15,195,10-APR-2023,INE341R01014
DUCON,EQ,6.65,6.65,10-APR-2023,INE741L01018
DVL,EQ,234.55,233.15,10-APR-2023,INE477B01010
DWARKESH,EQ,89.95,90.25,10-APR-2023,INE366A01041
DYCL,EQ,172.2,172,10-APR-2023,INE600Y01019
DYNAMATECH,EQ,2876.2,2875,10-APR-2023,INE221B01012
DYNPRO,EQ,256.65,258,10-APR-2023,INE256H01015
E2E,EQ,183.95,183.05,10-APR-2023,INE255Z01019
EASEMYTRIP,EQ,46.3,46.25,10-APR-2023,INE07O001026
EBANK,EQ,4357,4357,10-APR-2023,INF754K01EL1
EBBETF0423,EQ,1229.37,1229.26,10-APR-2023,INF754K01KN4
EBBETF0425,EQ,1116.91,1116.95,10-APR-2023,INF754K01LD3
EBBETF0430,EQ,1262.99,1262.99,10-APR-2023,INF754K01KO2
EBBETF0431,EQ,1123.91,1124.99,10-APR-2023,INF754K01LE1
EBBETF0433,EQ,1023.32,1023.1,10-APR-2023,INF754K01QX0
ECLERX,EQ,1348.15,1348.65,10-APR-2023,INE738I01010
EDELWEISS,EQ,54.15,54,10-APR-2023,INE532F01054
EICHERMOT,EQ,2970.45,2959,10-APR-2023,INE066A01021
EIDPARRY,EQ,491.35,491.95,10-APR-2023,INE126A01031
EIFFL,EQ,145.4,145.3,10-APR-2023,INE546V01010
EIHAHOTELS,EQ,433.1,427,10-APR-2023,INE276C01014
EIHOTEL,EQ,165.95,166.2,10-APR-2023,INE230A01023
EIMCOELECO,EQ,375,373.6,10-APR-2023,INE158B01016
EKC,EQ,106.65,107.2,10-APR-2023,INE184H01027
ELDEHSG,EQ,601.4,597,10-APR-2023,INE668G01021
ELECON,EQ,399.35,400.95,10-APR-2023,INE205B01023
ELECTCAST,EQ,34.6,34.45,10-APR-2023,INE086A01029
ELECTHERM,EQ,59.75,59.95,10-APR-2023,INE822G01016
ELGIEQUIP,EQ,466.4,465.85,10-APR-2023,INE285A01027
ELGIRUBCO,EQ,33,33,10-APR-2023,INE819L01012
ELIN,EQ,135.05,135.9,10-APR-2023,INE050401020
EMAMILTD,EQ,358.45,358.8,10-APR-2023,INE548C01032
EMAMIPAP,EQ,116,116,10-APR-2023,INE830C01026
EMAMIREAL,EQ,64.8,64.3,10-APR-2023,INE778K01012
EMIL,EQ,71.7,71.75,10-APR-2023,INE02YR01019
EMKAY,EQ,67.65,67,10-APR-2023,INE296H01011
EMMBI,EQ,84.1,84,10-APR-2023,INE753K01015
EMUDHRA,EQ,244.05,244.75,10-APR-2023,INE01QM01018
ENDURANCE,EQ,1283.9,1284.1,10-APR-2023,INE913H01037
ENERGYDEV,EQ,18.3,18.25,10-APR-2023,INE306C01019
ENGINERSIN,EQ,74.35,74.25,10-APR-2023,INE510A01028
ENIL,EQ,126.25,126.3,10-APR-2023,INE265F01028
EPL,EQ,158.8,159,10-APR-2023,INE255A01020
EQUITASBNK,EQ,71.45,71.35,10-APR-2023,INE063P01018
ERIS,EQ,602,600.95,10-APR-2023,INE406M01024
EROSMEDIA,EQ,24.1,23.9,10-APR-2023,INE416L01017
ESABINDIA,EQ,3465.45,3455.1,10-APR-2023,INE284A01012
ESCORTS,EQ,1876.65,1880,10-APR-2023,INE042A01014
ESSARSHPNG,EQ,8.6,8.55,10-APR-2023,INE122M01019
ESSENTIA,EQ,6.5,6.5,10-APR-2023,INE418N01035
ESTER,EQ,100,100.4,10-APR-2023,INE778B01029
ETHOSLTD,EQ,1002.35,1002,10-APR-2023,INE04TZ01018
EVEREADY,EQ,295.85,295.2,10-APR-2023,INE128A01029
EVERESTIND,EQ,759.7,760.9,10-APR-2023,INE295A01018
EXCEL,EQ,0.4,0.45,10-APR-2023,INE688J01023
EXCELINDUS,EQ,891.3,898.8,10-APR-2023,INE369A01029
EXIDEIND,EQ,181.45,181,10-APR-2023,INE302A01020
EXPLEOSOL,EQ,1312.5,1320,10-APR-2023,INE201K01015
EXXARO,EQ,117.7,117.05,10-APR-2023,INE0GFE01018
FACT,EQ,231,231.2,10-APR-2023,INE188A01015
FAIRCHEMOR,EQ,1038.4,1030.5,10-APR-2023,INE0DNW01011
FAZE3Q,EQ,325.8,324.95,10-APR-2023,INE963C01033
FCL,EQ,246.35,245.4,10-APR-2023,INE045J01026
FCONSUMER,EQ,0.7,0.7,10-APR-2023,INE220J01025
FCSSOFT,EQ,2.1,2.1,10-APR-2023,INE512B01022
FDC,EQ,263.7,264,10-APR-2023,INE258B01022
FEDERALBNK,EQ,127,127.3,10-APR-2023,INE171A01029
FIBERWEB,EQ,33.7,33.9,10-APR-2023,INE296C01020
FIEMIND,EQ,1581.85,1580,10-APR-2023,INE737H01014
FILATEX,EQ,38.6,38.3,10-APR-2023,INE816B01035
FINCABLES,EQ,853.6,853,10-APR-2023,INE235A01022
FINEORG,EQ,4354.15,4368,10-APR-2023,INE686Y01026
FINOPB,EQ,211.05,210.3,10-APR-2023,INE02NC01014
FINPIPE,EQ,165.25,165.8,10-APR-2023,INE183A01024
FIVESTAR,EQ,541.55,540,10-APR-2023,INE128S01021
FLEXITUFF,EQ,33.15,33.15,10-APR-2023,INE060J01017
FLUOROCHEM,EQ,3096.8,3110,10-APR-2023,INE09N301011
FMGOETZE,EQ,307.2,309,10-APR-2023,INE529A01010
FMNL,EQ,4.65,4.65,10-APR-2023,INE360L01017
FOCUS,EQ,618.05,612.4,10-APR-2023,INE593W01010
FOODSIN,EQ,129.95,130,10-APR-2023,INE976E01023
FORCEMOT,EQ,1306.25,1300.1,10-APR-2023,INE451A01017
FORTIS,EQ,255.7,255.7,10-APR-2023,INE061F01013
FOSECOIND,EQ,2312.2,2308,10-APR-2023,INE519A01011
FSL,EQ,113.35,113.3,10-APR-2023,INE684F01012
FUSION,EQ,403.95,404,10-APR-2023,INE139R01012
GABRIEL,EQ,144.9,144.3,10-APR-2023,INE524A01029
GAEL,EQ,250.75,249.1,10-APR-2023,INE036B01030
GAIL,EQ,105.95,105.9,10-APR-2023,INE129A01019
GAL,EQ,2.45,2.5,10-APR-2023,INE482J01021
GALAXYSURF,EQ,2407.55,2377,10-APR-2023,INE600K01018
GALLANTT,EQ,58.5,58.15,10-APR-2023,INE297H01019
GANDHITUBE,EQ,507.7,500.25,10-APR-2023,INE524B01027
GANECOS,EQ,925.9,926.95,10-APR-2023,INE845D01014
GANESHBE,EQ,170.25,169.4,10-APR-2023,INE388A01029
GANESHHOUC,EQ,319.95,322.9,10-APR-2023,INE460C01014
GANGAFORGE,EQ,3.8,3.75,10-APR-2023,INE691Z01023
GANGESSECU,EQ,104.05,103.6,10-APR-2023,INE335W01016
GARFIBRES,EQ,2910.7,2913.6,10-APR-2023,INE276A01018
GATEWAY,EQ,63.45,63.6,10-APR-2023,INE079J01017
GATI,EQ,114.75,114.95,10-APR-2023,INE152B01027
GAYAHWS,EQ,0.8,0.8,10-APR-2023,INE287Z01012
GEECEE,EQ,139.05,138.5,10-APR-2023,INE916G01016
GEEKAYWIRE,EQ,162.55,162,10-APR-2023,INE669X01016
GENCON,EQ,58.25,58,10-APR-2023,INE854S01022
GENESYS,EQ,329.75,329,10-APR-2023,INE727B01026
GENUSPAPER,EQ,13.95,13.9,10-APR-2023,INE949P01018
GENUSPOWER,EQ,85.2,85.3,10-APR-2023,INE955D01029
GEOJITFSL,EQ,43.3,43.35,10-APR-2023,INE007B01023
GEPIL,EQ,107.2,107.85,10-APR-2023,INE878A01011
GESHIP,EQ,644.7,645,10-APR-2023,INE017A01032
GET&D,EQ,128.4,128,10-APR-2023,INE200A01026
GFLLIMITED,EQ,53.6,54.1,10-APR-2023,INE538A01037
GICHSGFIN,EQ,165.25,165.2,10-APR-2023,INE289B01019
GICRE,EQ,142.7,142.95,10-APR-2023,INE481Y01014
GILLANDERS,EQ,63.3,63.5,10-APR-2023,INE047B01011
GILLETTE,EQ,4359.1,4366,10-APR-2023,INE322A01010
GILT5YBEES,EQ,51.69,51.67,10-APR-2023,INF204KC1030
GINNIFILA,EQ,22.65,22.75,10-APR-2023,INE424C01010
GIPCL,EQ,77.5,77.45,10-APR-2023,INE162A01010
GKWLIMITED,EQ,519.45,523.85,10-APR-2023,INE528A01020
GLAND,EQ,1261.05,1260,10-APR-2023,INE068V01023
GLAXO,EQ,1290.35,1291.7,10-APR-2023,INE159A01016
GLENMARK,EQ,487.85,487.3,10-APR-2023,INE935A01035
GLFL,EQ,2.5,2.5,10-APR-2023,INE540A01017
GLOBAL,EQ,151.35,151.4,10-APR-2023,INE291W01029
GLOBALVECT,EQ,53.8,53.7,10-APR-2023,INE792H01019
GLOBE,EQ,2.9,2.95,10-APR-2023,INE581X01021
GLOBUSSPR,EQ,870.05,860,10-APR-2023,INE615I01010
GLS,EQ,408.65,408.2,10-APR-2023,INE03Q201024
GMBREW,EQ,560.2,559.45,10-APR-2023,INE075D01018
GMDCLTD,EQ,130.6,131.25,10-APR-2023,INE131A01031
GMMPFAUDLR,EQ,1464.65,1467,10-APR-2023,INE541A01023
GMRINFRA,EQ,43.6,43.6,10-APR-2023,INE776C01039
GMRP&UI,EQ,16.65,16.6,10-APR-2023,INE0CU601026
GNA,EQ,809.2,810.7,10-APR-2023,INE934S01014
GNFC,EQ,534.6,535.45,10-APR-2023,INE113A01013
GOACARBON,EQ,438.1,439.85,10-APR-2023,INE426D01013
GOCLCORP,EQ,297.7,297.5,10-APR-2023,INE077F01035
GOCOLORS,EQ,995.25,993,10-APR-2023,INE0BJS01011
GODFRYPHLP,EQ,1718.45,1719.7,10-APR-2023,INE260B01028
GODHA,EQ,1.25,1.25,10-APR-2023,INE925Y01036
GODREJAGRO,EQ,430.15,430,10-APR-2023,INE850D01014
GODREJCP,EQ,965.55,965.05,10-APR-2023,INE102D01028
GODREJIND,EQ,442.35,442,10-APR-2023,INE233A01035
GODREJPROP,EQ,1228.35,1222.55,10-APR-2023,INE484J01027
GOKEX,EQ,353.75,355.8,10-APR-2023,INE887G01027
GOKUL,EQ,28.55,28.4,10-APR-2023,INE020J01029
GOKULAGRO,EQ,113.25,112.75,10-APR-2023,INE314T01025
GOLDBEES,EQ,51.38,51.4,10-APR-2023,INF204KB17I5
GOLDIAM,EQ,139.5,139.9,10-APR-2023,INE025B01025
GOLDSHARE,EQ,51.5,51.55,10-APR-2023,INF789F1AUX7
GOLDTECH,EQ,52.15,52.5,10-APR-2023,INE805A01014
GOODLUCK,EQ,420.15,417.35,10-APR-2023,INE127I01024
GOODYEAR,EQ,1068.85,1071.5,10-APR-2023,INE533A01012
GPIL,EQ,380.65,381,10-APR-2023,INE177H01021
GPPL,EQ,113.45,113.15,10-APR-2023,INE517F01014
GPTINFRA,EQ,48.3,48.4,10-APR-2023,INE390G01014
GRANULES,EQ,299.4,298,10-APR-2023,INE101D01020
GRAPHITE,EQ,273.75,273.65,10-APR-2023,INE371A01025
GRASIM,EQ,1710.25,1705,10-APR-2023,INE047A01021
GRAUWEIL,EQ,103.9,104.15,10-APR-2023,INE266D01021
GRAVITA,EQ,499.4,500.95,10-APR-2023,INE024L01027
GREAVESCOT,EQ,134.8,134.9,10-APR-2023,INE224A01026
GREENLAM,EQ,303,303.75,10-APR-2023,INE544R01021
GREENPANEL,EQ,278.55,277.8,10-APR-2023,INE08ZM01014
GREENPLY,EQ,140.2,141.3,10-APR-2023,INE461C01038
GREENPOWER,EQ,9.05,9,10-APR-2023,INE999K01014
GRINDWELL,EQ,1832,1833.1,10-APR-2023,INE536A01023
GRINFRA,EQ,1016.2,1019,10-APR-2023,INE201P01022
GRMOVER,EQ,196.9,195.8,10-APR-2023,INE192H01020
GROBTEA,EQ,763.8,788,10-APR-2023,INE646C01018
GRSE,EQ,457.55,456.5,10-APR-2023,INE382Z01011
GRWRHITECH,EQ,536.6,538,10-APR-2023,INE291A01017
GSCLCEMENT,EQ,32.9,33.2,10-APR-2023,INE542A01039
GSFC,EQ,124.45,124.4,10-APR-2023,INE026A01025
GSPL,EQ,268.9,269.3,10-APR-2023,INE246F01010
GSS,EQ,199.9,200.95,10-APR-2023,INE871H01011
GTL,EQ,5.35,5.35,10-APR-2023,INE043A01012
GTLINFRA,EQ,0.85,0.85,10-APR-2023,INE221H01019
GTPL,EQ,108.25,109,10-APR-2023,INE869I01013
GUFICBIO,EQ,190.15,191.2,10-APR-2023,INE742B01025
GUJALKALI,EQ,620.75,618.5,10-APR-2023,INE186A01019
GUJAPOLLO,EQ,194.5,194,10-APR-2023,INE826C01016
GUJGASLTD,EQ,458.6,458.95,10-APR-2023,INE844O01030
GULFOILLUB,EQ,412.85,413.9,10-APR-2023,INE635Q01029
GULFPETRO,EQ,34.85,34.5,10-APR-2023,INE586G01017
GULPOLY,EQ,257.6,258.5,10-APR-2023,INE255D01024
GVKPIL,EQ,2.75,2.75,10-APR-2023,INE251H01024
HAL,EQ,2816.2,2808,10-APR-2023,INE066F01012
HAPPSTMNDS,EQ,802.75,803,10-APR-2023,INE419U01012
HARDWYN,EQ,262.85,262,10-APR-2023,INE626Z01011
HARIOMPIPE,EQ,472.25,473,10-APR-2023,INE00EV01017
HARRMALAYA,EQ,114.65,115,10-APR-2023,INE544A01019
HARSHA,EQ,414.85,414,10-APR-2023,INE0JUS01029
HATHWAY,EQ,13.6,13.65,10-APR-2023,INE982F01036
HATSUN,EQ,836.35,836,10-APR-2023,INE473B01035
HAVELLS,EQ,1169.75,1166,10-APR-2023,INE176B01034
HBANKETF,EQ,409.81,409.5,10-APR-2023,INF179KC1AN8
HBLPOWER,EQ,99,99.25,10-APR-2023,INE292B01021
HBSL,EQ,47.05,47.05,10-APR-2023,INE550B01022
HCC,EQ,14.5,14.55,10-APR-2023,INE549A01026
HCG,EQ,275.1,275,10-APR-2023,INE075I01017
HCL-INSYS,EQ,13.15,13.2,10-APR-2023,INE236A01020
HCLTECH,EQ,1103.1,1101.7,10-APR-2023,INE860A01027
HDFC,EQ,2727.75,2722.25,10-APR-2023,INE001A01036
HDFCAMC,EQ,1750.5,1750.1,10-APR-2023,INE127D01025
HDFCBANK,EQ,1658.45,1655.15,10-APR-2023,INE040A01034
HDFCBSE500,EQ,23.24,23.29,10-APR-2023,INF179KC1EZ4
HDFCGROWTH,EQ,87.9,87.9,10-APR-2023,INF179KC1DJ0
HDFCLIFE,EQ,513.7,514,10-APR-2023,INE795G01014
HDFCLOWVOL,EQ,132.57,132.57,10-APR-2023,INF179KC1DN2
HDFCMFGETF,EQ,52.81,52.85,10-APR-2023,INF179KC1981
HDFCMID150,EQ,115.74,115.74,10-APR-2023,INF179KC1FA4
HDFCMOMENT,EQ,184.98,184.98,10-APR-2023,INF179KC1DM4
HDFCNEXT50,EQ,383.01,383.01,10-APR-2023,INF179KC1DA9
HDFCNIF100,EQ,174.87,174,10-APR-2023,INF179KC1DB7
HDFCNIFETF,EQ,190.97,191,10-APR-2023,INF179KC1965
HDFCNIFIT,EQ,293.88,294.98,10-APR-2023,INF179KC1DX1
HDFCPVTBAN,EQ,209.65,209.65,10-APR-2023,INF179KC1DW3
HDFCQUAL,EQ,38.53,38.55,10-APR-2023,INF179KC1DL6
HDFCSENETF,EQ,650.89,651,10-APR-2023,INF179KC1973
HDFCSILVER,EQ,73.15,73.1,10-APR-2023,INF179KC1DI2
HDFCSML250,EQ,89.94,90.26,10-APR-2023,INF179KC1FB2
HDFCVALUE,EQ,94.92,94.9,10-APR-2023,INF179KC1DK8
HEADSUP,EQ,12.75,12.85,10-APR-2023,INE759V01019
HEALTHY,EQ,7.83,7.84,10-APR-2023,INF209KB10C2
HECPROJECT,EQ,29.95,29.95,10-APR-2023,INE558R01013
HEG,EQ,981.95,984,10-APR-2023,INE545A01016
HEIDELBERG,EQ,167.4,166.5,10-APR-2023,INE578A01017
HEMIPROP,EQ,92.1,92.25,10-APR-2023,INE0AJG01018
HERANBA,EQ,313.3,314.7,10-APR-2023,INE694N01015
HERCULES,EQ,198.7,199.9,10-APR-2023,INE688E01024
HERITGFOOD,EQ,165.6,165.9,10-APR-2023,INE978A01027
HEROMOTOCO,EQ,2460.65,2460,10-APR-2023,INE158A01026
HESTERBIO,EQ,1726.15,1729,10-APR-2023,INE782E01017
HEUBACHIND,EQ,296.9,299,10-APR-2023,INE492A01029
HEXATRADEX,EQ,149.4,150.5,10-APR-2023,INE750M01017
HFCL,EQ,62.5,62.6,10-APR-2023,INE548A01028
HGINFRA,EQ,839.95,841,10-APR-2023,INE926X01010
HGS,EQ,1054.7,1058.95,10-APR-2023,INE170I01016
HIKAL,EQ,291.8,292.9,10-APR-2023,INE475B01022
HIL,EQ,2684.9,2680,10-APR-2023,INE557A01011
HIMATSEIDE,EQ,76.45,76.45,10-APR-2023,INE049A01027
HINDALCO,EQ,411.45,410.7,10-APR-2023,INE038A01020
HINDCOMPOS,EQ,273.35,272,10-APR-2023,INE310C01029
HINDCON,EQ,80.2,79.6,10-APR-2023,INE642Y01011
HINDCOPPER,EQ,100.5,100.5,10-APR-2023,INE531E01026
HINDMOTORS,EQ,14.2,14.2,10-APR-2023,INE253A01025
HINDOILEXP,EQ,133,132.85,10-APR-2023,INE345A01011
HINDPETRO,EQ,229.3,229,10-APR-2023,INE094A01015
HINDUNILVR,EQ,2532.15,2527.8,10-APR-2023,INE030A01027
HINDWAREAP,EQ,379.8,377.2,10-APR-2023,INE05AN01011
HINDZINC,EQ,312.8,312.2,10-APR-2023,INE267A01025
HIRECT,EQ,204.4,204.95,10-APR-2023,INE835D01023
HISARMETAL,EQ,131.85,132,10-APR-2023,INE598C01011
HITECH,EQ,78.25,77.8,10-APR-2023,INE106T01025
HITECHCORP,EQ,167.65,167,10-APR-2023,INE120D01012
HITECHGEAR,EQ,258.8,257.55,10-APR-2023,INE127B01011
HLEGLAS,EQ,520.05,517,10-APR-2023,INE461D01028
HLVLTD,EQ,9.85,9.75,10-APR-2023,INE102A01024
HMVL,EQ,44.6,44.9,10-APR-2023,INE871K01015
HNDFDS,EQ,592.8,592.8,10-APR-2023,INE254N01026
HNGSNGBEES,EQ,291.6,291,10-APR-2023,INF204KB19I1
HOMEFIRST,EQ,692.1,690,10-APR-2023,INE481N01025
HONAUT,EQ,36807.8,36830,10-APR-2023,INE671A01010
HONDAPOWER,EQ,2104.05,2105,10-APR-2023,INE634A01018
HOVS,EQ,37.55,37.5,10-APR-2023,INE596H01014
HPAL,EQ,370.9,369.5,10-APR-2023,INE0GSL01016
HPL,EQ,87.8,88,10-APR-2023,INE495S01016
HSCL,EQ,88.6,88.65,10-APR-2023,INE019C01026
HTMEDIA,EQ,16.6,16.7,10-APR-2023,INE501G01024
HUBTOWN,EQ,35.05,35.05,10-APR-2023,INE703H01016
HUDCO,EQ,44.55,44.5,10-APR-2023,INE031A01017
HUHTAMAKI,EQ,203,202.5,10-APR-2023,INE275B01026
HYBRIDFIN,EQ,8.3,8.5,10-APR-2023,INE965B01022
IBMFNIFTY,EQ,182.39,182.01,10-APR-2023,INF666M01FS5
IBREALEST,EQ,55.8,55.85,10-APR-2023,INE069I01010
IBULHSGFIN,EQ,101.5,101.35,10-APR-2023,INE148I01020
ICEMAKE,EQ,340.55,340,10-APR-2023,INE520Y01019
ICICI10GS,EQ,211.1,211.1,10-APR-2023,INF109KC18O0
ICICI500,EQ,24.76,24.77,10-APR-2023,INF109KC1V59
ICICI5GSEC,EQ,52.16,52.18,10-APR-2023,INF109KC14A8
ICICIALPLV,EQ,173.27,173.31,10-APR-2023,INF109KC1N59
ICICIAUTO,EQ,127.25,127.35,10-APR-2023,INF109KC1Y49
ICICIB22,EQ,59.9,60,10-APR-2023,INF109KB15Y7
ICICIBANK,EQ,868.45,867.4,10-APR-2023,INE090A01021
ICICIBANKN,EQ,40.95,40.93,10-APR-2023,INF109KC15I8
ICICIBANKP,EQ,205.28,205.01,10-APR-2023,INF109KC1E35
ICICICOMMO,EQ,56.37,56.34,10-APR-2023,INF109KC19O8
ICICICONSU,EQ,73.06,73.3,10-APR-2023,INF109KC1V42
ICICIFIN,EQ,16.18,16.21,10-APR-2023,INF109KC17L8
ICICIFMCG,EQ,472.1,473.24,10-APR-2023,INF109KC1R48
ICICIGI,EQ,1098.85,1098.8,10-APR-2023,INE765G01017
ICICIGOLD,EQ,52.85,52.86,10-APR-2023,INF109KC1NT3
ICICIINFRA,EQ,53.12,53.12,10-APR-2023,INF109KC16E5
ICICILIQ,EQ,999.99,1000,10-APR-2023,INF109KC1KT9
ICICILOVOL,EQ,141.8,141.79,10-APR-2023,INF109KB10T8
ICICIM150,EQ,117.64,117.82,10-APR-2023,INF109KC1G82
ICICIMCAP,EQ,93.36,93.54,10-APR-2023,INF109KB1XT3
ICICIMOM30,EQ,18.69,18.69,10-APR-2023,INF109KC17C7
ICICINF100,EQ,190.22,190.79,10-APR-2023,INF109KA1962
ICICINIFTY,EQ,191.61,191.5,10-APR-2023,INF109K012R6
ICICINV20,EQ,101.77,101.83,10-APR-2023,INF109KB1WY5
ICICINXT50,EQ,39.59,39.61,10-APR-2023,INF109KC1NS5
ICICIPHARM,EQ,78.44,78.55,10-APR-2023,INF109KC1Q72
ICICIPRULI,EQ,433,431.9,10-APR-2023,INE726G01019
ICICISENSX,EQ,661.4,661.34,10-APR-2023,INF346A01034
ICICISILVE,EQ,75.81,75.82,10-APR-2023,INF109KC1Y56
ICICITECH,EQ,30.21,30.24,10-APR-2023,INF109KC16I6
ICIL,EQ,130.7,131.4,10-APR-2023,INE483B01026
ICRA,EQ,4734.5,4725.05,10-APR-2023,INE725G01011
IDBI,EQ,46.95,46.7,10-APR-2023,INE008A01015
IDBIGOLD,EQ,5554.2,5555,10-APR-2023,INF397L01554
IDEA,EQ,6.15,6.15,10-APR-2023,INE669E01016
IDFC,EQ,77.05,77.2,10-APR-2023,INE043D01016
IDFCFIRSTB,EQ,54.1,54.3,10-APR-2023,INE092T01019
IDFNIFTYET,EQ,187.22,187.22,10-APR-2023,INF194KA1U07
IEL,EQ,9.25,9.3,10-APR-2023,INE059901020
IEX,EQ,152.5,152.2,10-APR-2023,INE022Q01020
IFBAGRO,EQ,451.7,450,10-APR-2023,INE076C01018
IFBIND,EQ,758.4,757,10-APR-2023,INE559A01017
IFCI,EQ,10.25,10.25,10-APR-2023,INE039A01010
IFGLEXPOR,EQ,230.35,232.1,10-APR-2023,INE133Y01011
IGARASHI,EQ,381.95,380.8,10-APR-2023,INE188B01013
IGL,EQ,468.9,468,10-APR-2023,INE203G01027
IGPL,EQ,459.8,457.5,10-APR-2023,INE204A01010
IIFL,EQ,470.4,469,10-APR-2023,INE530B01024
IIFLSEC,EQ,53.45,53.7,10-APR-2023,INE489L01022
IITL,EQ,86.95,87,10-APR-2023,INE886A01014
IMAGICAA,EQ,44.4,44.5,10-APR-2023,INE172N01012
IMFA,EQ,288.85,286,10-APR-2023,INE919H01018
IMPAL,EQ,638.8,636.05,10-APR-2023,INE547E01014
IMPEXFERRO,EQ,2.85,2.85,10-APR-2023,INE691G01015
INCREDIBLE,EQ,19.35,19.5,10-APR-2023,INE452L01012
INDBANK,EQ,24.75,24.85,10-APR-2023,INE841B01017
INDHOTEL,EQ,328,328.15,10-APR-2023,INE053A01029
INDIACEM,EQ,186.95,186.8,10-APR-2023,INE383A01012
INDIAGLYCO,EQ,574.75,574.4,10-APR-2023,INE560A01015
INDIAMART,EQ,5045.75,5047,10-APR-2023,INE933S01016
INDIANB,EQ,282.15,283.25,10-APR-2023,INE562A01011
INDIANCARD,EQ,219.85,224.95,10-APR-2023,INE061A01014
INDIANHUME,EQ,137.9,138,10-APR-2023,INE323C01030
INDIGO,EQ,1902.1,1904.5,10-APR-2023,INE646L01027
INDIGOPNTS,EQ,1071.35,1073,10-APR-2023,INE09VQ01012
INDNIPPON,EQ,346.8,345.6,10-APR-2023,INE092B01025
INDOAMIN,EQ,81.5,81.3,10-APR-2023,INE760F01028
INDOBORAX,EQ,110.05,110.3,10-APR-2023,INE803D01021
INDOCO,EQ,333.75,336,10-APR-2023,INE873D01024
INDORAMA,EQ,42.55,42.1,10-APR-2023,INE156A01020
INDOTECH,EQ,178.8,176.55,10-APR-2023,INE332H01014
INDOWIND,EQ,11.1,11.1,10-APR-2023,INE227G01018
INDSWFTLAB,EQ,62.9,62.6,10-APR-2023,INE915B01019
INDSWFTLTD,EQ,9.55,9.6,10-APR-2023,INE788B01028
INDTERRAIN,EQ,49.8,49.7,10-APR-2023,INE611L01021
INDUSINDBK,EQ,1069.3,1070,10-APR-2023,INE095A01012
INDUSTOWER,EQ,142.05,142.3,10-APR-2023,INE121J01017
INFIBEAM,EQ,14.15,14.2,10-APR-2023,INE483S01020
INFOBEAN,EQ,510.65,511,10-APR-2023,INE344S01016
INFOMEDIA,EQ,5.05,5.05,10-APR-2023,INE669A01022
INFRABEES,EQ,539.93,541.58,10-APR-2023,INF732E01268
INFY,EQ,1427.6,1427,10-APR-2023,INE009A01021
INGERRAND,EQ,2619.75,2615.35,10-APR-2023,INE177A01018
INOXGREEN,EQ,39.45,39.4,10-APR-2023,INE510W01014
INOXWIND,EQ,99,99.45,10-APR-2023,INE066P01011
INSECTICID,EQ,490.95,490.5,10-APR-2023,INE070I01018
INSPIRISYS,EQ,48.4,48.9,10-APR-2023,INE020G01017
INTELLECT,EQ,433.45,433.05,10-APR-2023,INE306R01017
INTENTECH,EQ,64,64.15,10-APR-2023,INE781A01025
INTLCONV,EQ,53.65,52,10-APR-2023,INE575C01027
INVENTURE,EQ,1.9,1.9,10-APR-2023,INE878H01024
IOB,EQ,22.65,22.7,10-APR-2023,INE565A01014
IOC,EQ,77.8,77.85,10-APR-2023,INE242A01010
IOLCP,EQ,331.8,332.2,10-APR-2023,INE485C01011
IONEXCHANG,EQ,3352.9,3348,10-APR-2023,INE570A01014
IPCALAB,EQ,833.3,834,10-APR-2023,INE571A01038
IPL,EQ,213.75,214.9,10-APR-2023,INE0D6701023
IRB,EQ,25.9,25.95,10-APR-2023,INE821I01022
IRCON,EQ,57.95,57.8,10-APR-2023,INE962Y01021
IRCTC,EQ,581.3,582.3,10-APR-2023,INE335Y01020
IRFC,EQ,27.55,27.55,10-APR-2023,INE053F01010
IRIS,EQ,74,73.65,10-APR-2023,INE864K01010
IRISDOREME,EQ,332.8,333,10-APR-2023,INE01GN01017
ISEC,EQ,463.25,463.5,10-APR-2023,INE763G01038
ISFT,EQ,148.25,149.35,10-APR-2023,INE566K01011
ISGEC,EQ,467.35,470.5,10-APR-2023,INE858B01029
ISMTLTD,EQ,69.1,69.55,10-APR-2023,INE732F01019
ITBEES,EQ,30.2,30.18,10-APR-2023,INF204KB15V2
ITC,EQ,388.55,388,10-APR-2023,INE154A01025
ITDC,EQ,309.7,311,10-APR-2023,INE353K01014
ITDCEM,EQ,110.9,110.2,10-APR-2023,INE686A01026
ITI,EQ,91.6,91.7,10-APR-2023,INE248A01017
IVC,EQ,6.35,6.4,10-APR-2023,INE050B01023
IVP,EQ,130.6,131.7,10-APR-2023,INE043C01018
IVZINGOLD,EQ,5359.3,5379,10-APR-2023,INF205K01361
IVZINNIFTY,EQ,1943.4,1943.4,10-APR-2023,INF205K01DA9
IWEL,EQ,1016,1015.15,10-APR-2023,INE0FLR01028
IZMO,EQ,137.05,137.05,10-APR-2023,INE848A01014
J&KBANK,EQ,50.8,50.75,10-APR-2023,INE168A01041
JAGRAN,EQ,72.95,73.2,10-APR-2023,INE199G01027
JAGSNPHARM,EQ,339.3,341,10-APR-2023,INE048B01027
JAIBALAJI,EQ,48.2,48.1,10-APR-2023,INE091G01018
JAICORPLTD,EQ,142.25,142.45,10-APR-2023,INE070D01027
JAIPURKURT,EQ,87.95,88.15,10-APR-2023,INE696V01013
JAMNAAUTO,EQ,100.05,100.3,10-APR-2023,INE039C01032
JASH,EQ,825,825,10-APR-2023,INE039O01011
JAYAGROGN,EQ,163.7,163.7,10-APR-2023,INE785A01026
JAYBARMARU,EQ,138.5,137.95,10-APR-2023,INE571B01028
JAYNECOIND,EQ,21.7,21.7,10-APR-2023,INE854B01010
JAYSREETEA,EQ,82.45,82.9,10-APR-2023,INE364A01020
JBCHEPHARM,EQ,2046.7,2050,10-APR-2023,INE572A01028
JBMA,EQ,753.6,753.5,10-APR-2023,INE927D01044
JCHAC,EQ,1096.4,1095,10-APR-2023,INE782A01015
JETFREIGHT,EQ,12.9,12.7,10-APR-2023,INE982V01025
JHS,EQ,16.3,16.4,10-APR-2023,INE544H01014
JINDALPHOT,EQ,322.75,322.8,10-APR-2023,INE796G01012
JINDALPOLY,EQ,575.35,576.6,10-APR-2023,INE197D01010
JINDALSAW,EQ,161.75,161.25,10-APR-2023,INE324A01024
JINDALSTEL,EQ,549.5,549.05,10-APR-2023,INE749A01030
JINDRILL,EQ,282.05,281,10-APR-2023,INE742C01031
JINDWORLD,EQ,346.45,347.6,10-APR-2023,INE247D01039
JISLDVREQS,EQ,18.45,18.4,10-APR-2023,IN9175A01010
JISLJALEQS,EQ,36.2,36.1,10-APR-2023,INE175A01038
JKCEMENT,EQ,2935.05,2941.75,10-APR-2023,INE823G01014
JKIL,EQ,250.8,250.95,10-APR-2023,INE576I01022
JKLAKSHMI,EQ,808.5,809.6,10-APR-2023,INE786A01032
JKPAPER,EQ,378.5,378.95,10-APR-2023,INE789E01012
JKTYRE,EQ,161.95,162.4,10-APR-2023,INE573A01042
JMA,EQ,62.15,62.05,10-APR-2023,INE412C01023
JMFINANCIL,EQ,62.7,62.8,10-APR-2023,INE780C01023
JOCIL,EQ,159.85,160,10-APR-2023,INE839G01010
JPASSOCIAT,EQ,7.2,7.25,10-APR-2023,INE455F01025
JPOLYINVST,EQ,512.65,512.65,10-APR-2023,INE147P01019
JPPOWER,EQ,5.7,5.65,10-APR-2023,INE351F01018
JSL,EQ,283.8,283.3,10-APR-2023,INE220G01021
JSWENERGY,EQ,248.65,249,10-APR-2023,INE121E01018
JSWHL,EQ,3933.65,3949.95,10-APR-2023,INE824G01012
JSWISPL,EQ,31.2,31.2,10-APR-2023,INE743C01021
JSWSTEEL,EQ,688.5,689.5,10-APR-2023,INE019A01038
JTEKTINDIA,EQ,102,102,10-APR-2023,INE643A01035
JTLIND,EQ,335.75,337,10-APR-2023,INE391J01024
JUBLFOOD,EQ,425.5,425.7,10-APR-2023,INE797F01020
JUBLINDS,EQ,399.35,398,10-APR-2023,INE645L01011
JUBLINGREA,EQ,394.1,394.6,10-APR-2023,INE0BY001018
JUBLPHARMA,EQ,300.65,301.9,10-APR-2023,INE700A01033
JUNIORBEES,EQ,406.12,406,10-APR-2023,INF732E01045
JUSTDIAL,EQ,616.35,614.15,10-APR-2023,INE599M01018
JWL,EQ,103.45,102.35,10-APR-2023,INE209L01016
JYOTHYLAB,EQ,194.65,195,10-APR-2023,INE668F01031
KABRAEXTRU,EQ,491.65,491.9,10-APR-2023,INE900B01029
KAJARIACER,EQ,1102.2,1108.7,10-APR-2023,INE217B01036
KAKATCEM,EQ,194.15,194.05,10-APR-2023,INE437B01014
KALPATPOWR,EQ,518.8,518.5,10-APR-2023,INE220B01022
KALYANKJIL,EQ,104,104.2,10-APR-2023,INE303R01014
KAMATHOTEL,EQ,137.75,138,10-APR-2023,INE967C01018
KAMDHENU,EQ,380.1,378.8,10-APR-2023,INE390H01012
KAMOPAINTS,EQ,225.25,223.7,10-APR-2023,INE0BTI01029
KANANIIND,EQ,7.35,7.35,10-APR-2023,INE879E01037
KANORICHEM,EQ,120.75,121,10-APR-2023,INE138C01024
KANPRPLA,EQ,83.25,83.8,10-APR-2023,INE694E01014
KANSAINER,EQ,386.9,386,10-APR-2023,INE531A01024
KAPSTON,EQ,137.2,137,10-APR-2023,INE542Z01010
KARURVYSYA,EQ,95.9,96.15,10-APR-2023,INE036D01028
KAUSHALYA,EQ,4.3,4.4,10-APR-2023,INE234I01010
KAVVERITEL,EQ,5.5,5.5,10-APR-2023,INE641C01019
KAYA,EQ,332.55,332.95,10-APR-2023,INE587G01015
KAYNES,EQ,939.55,942,10-APR-2023,INE918Z01012
KCP,EQ,103.05,102.75,10-APR-2023,INE805C01028
KCPSUGIND,EQ,25.2,25.05,10-APR-2023,INE790B01024
KDDL,EQ,1081.85,1085,10-APR-2023,INE291D01011
KEC,EQ,475.25,472.75,10-APR-2023,INE389H01022
KECL,EQ,74.35,74.1,10-APR-2023,INE134B01017
KEI,EQ,1709.95,1706,10-APR-2023,INE878B01027
KELLTONTEC,EQ,53.45,53.45,10-APR-2023,INE164B01022
KENNAMET,EQ,2145.2,2125.1,10-APR-2023,INE717A01029
KESORAMIND,EQ,59.45,59.2,10-APR-2023,INE087A01019
KEYFINSERV,EQ,102.95,99,10-APR-2023,INE681C01015
KFINTECH,EQ,281.55,285.1,10-APR-2023,INE138Y01010
KHADIM,EQ,192.2,191.7,10-APR-2023,INE834I01025
KHAICHEM,EQ,75.4,75.5,10-APR-2023,INE745B01028
KHAITANLTD,EQ,42.35,42.2,10-APR-2023,INE731C01018
KHANDSE,EQ,27.15,27.15,10-APR-2023,INE060B01014
KICL,EQ,1760.25,1769,10-APR-2023,INE029L01018
KILITCH,EQ,159.9,159.7,10-APR-2023,INE729D01010
KIMS,EQ,1426.85,1412,10-APR-2023,INE967H01017
KINGFA,EQ,1383.15,1359.95,10-APR-2023,INE473D01015
KIOCL,EQ,175.85,176,10-APR-2023,INE880L01014
KIRIINDUS,EQ,298.65,295.1,10-APR-2023,INE415I01015
KIRLFER,EQ,429.3,431,10-APR-2023,INE884B01025
KIRLOSBROS,EQ,417.5,418,10-APR-2023,INE732A01036
KIRLOSENG,EQ,378.05,380.6,10-APR-2023,INE146L01010
KIRLOSIND,EQ,2669.5,2635,10-APR-2023,INE250A01039
KITEX,EQ,146.95,147.6,10-APR-2023,INE602G01020
KKCL,EQ,414.4,412.8,10-APR-2023,INE401H01017
KMSUGAR,EQ,27.95,28,10-APR-2023,INE157H01023
KNRCON,EQ,251.85,252.4,10-APR-2023,INE634I01029
KOHINOOR,EQ,31.2,31.15,10-APR-2023,INE080B01012
KOKUYOCMLN,EQ,71.8,71.65,10-APR-2023,INE760A01029
KOLTEPATIL,EQ,271.3,270,10-APR-2023,INE094I01018
KOPRAN,EQ,125.6,125,10-APR-2023,INE082A01010
KOTAKALPHA,EQ,25.27,25.3,10-APR-2023,INF174KA1IA5
KOTAKBANK,EQ,1759.3,1757.3,10-APR-2023,INE237A01028
KOTAKBKETF,EQ,414.06,414.49,10-APR-2023,INF174K01F59
KOTAKCONS,EQ,72.52,72.52,10-APR-2023,INF174KA1JE5
KOTAKGOLD,EQ,51.46,51.43,10-APR-2023,INF174KA1HJ8
KOTAKIT,EQ,30.04,30.04,10-APR-2023,INF174KA1GC5
KOTAKLIQ,EQ,999.99,999.99,10-APR-2023,INF174KA1LV5
KOTAKLOVOL,EQ,13.26,13.08,10-APR-2023,INF174KA1IY5
KOTAKMID50,EQ,86.27,86.69,10-APR-2023,INF174KA1IB3
KOTAKMNC,EQ,19.28,19.14,10-APR-2023,INF174KA1JF2
KOTAKNIFTY,EQ,187.89,188.2,10-APR-2023,INF174K014P6
KOTAKNV20,EQ,103.23,102.6,10-APR-2023,INF174K01Z71
KOTAKPSUBK,EQ,368.74,367.79,10-APR-2023,INF373I01023
KOTAKSILVE,EQ,73.98,73.98,10-APR-2023,INF174KA1KU9
KOTARISUG,EQ,38.65,38.7,10-APR-2023,INE419A01022
KOTHARIPET,EQ,60.15,60.4,10-APR-2023,INE720A01015
KOTHARIPRO,EQ,114.75,114.85,10-APR-2023,INE823A01017
KOVAI,EQ,1899.95,1900,10-APR-2023,INE177F01017
KPIGREEN,EQ,436.2,436,10-APR-2023,INE542W01017
KPITTECH,EQ,799.85,799.95,10-APR-2023,INE04I401011
KPRMILL,EQ,579.55,581.8,10-APR-2023,INE930H01031
KRBL,EQ,343.3,343.8,10-APR-2023,INE001B01026
KREBSBIO,EQ,85.8,85.8,10-APR-2023,INE268B01013
KRIDHANINF,EQ,3.3,3.3,10-APR-2023,INE524L01026
KRISHANA,EQ,487.75,484.95,10-APR-2023,INE506W01012
KRITI,EQ,105.55,105.2,10-APR-2023,INE479D01038
KRITIKA,EQ,13.35,13.35,10-APR-2023,INE00Z501029
KRITINUT,EQ,41.8,42,10-APR-2023,INE798K01010
KRSNAA,EQ,503.6,503.1,10-APR-2023,INE08LI01020
KSB,EQ,2193.35,2197.75,10-APR-2023,INE999A01015
KSCL,EQ,486.25,485.45,10-APR-2023,INE455I01029
KSHITIJPOL,EQ,17.3,17.3,10-APR-2023,INE013801027
KSL,EQ,311.8,311.8,10-APR-2023,INE907A01026
KSOLVES,EQ,522.9,523,10-APR-2023,INE0D6I01015
KTKBANK,EQ,129.2,129.2,10-APR-2023,INE614B01018
KUANTUM,EQ,140.1,140.65,10-APR-2023,INE529I01021
L&TFH,EQ,87.4,87.4,10-APR-2023,INE498L01015
LAGNAM,EQ,54.7,54.7,10-APR-2023,INE548Z01017
LAL,EQ,121,121,10-APR-2023,INE740X01015
LALPATHLAB,EQ,1851.15,1849.5,10-APR-2023,INE600L01024
LAMBODHARA,EQ,172,172.25,10-APR-2023,INE112F01022
LANCER,EQ,164.3,165,10-APR-2023,INE359U01028
LANDMARK,EQ,549.05,542.5,10-APR-2023,INE559R01029
LAOPALA,EQ,368.85,369.45,10-APR-2023,INE059D01020
LASA,EQ,22.45,22.4,10-APR-2023,INE670X01014
LATENTVIEW,EQ,342.8,342.9,10-APR-2023,INE0I7C01011
LAURUSLABS,EQ,304.15,304.45,10-APR-2023,INE947Q01028
LAXMICOT,EQ,19.25,19.05,10-APR-2023,INE801V01019
LAXMIMACH,EQ,10641.5,10600,10-APR-2023,INE269B01029
LCCINFOTEC,EQ,1.85,1.85,10-APR-2023,INE938A01021
LEMONTREE,EQ,76.55,76.4,10-APR-2023,INE970X01018
LEXUS,EQ,70.4,68.65,10-APR-2023,INE500X01013
LFIC,EQ,110.55,109.1,10-APR-2023,INE850E01012
LGBBROSLTD,EQ,808.7,813.6,10-APR-2023,INE337A01034
LGBFORGE,EQ,8.75,8.7,10-APR-2023,INE201J01017
LIBAS,EQ,11.15,11.15,10-APR-2023,INE908V01012
LIBERTSHOE,EQ,217.45,217.85,10-APR-2023,INE557B01019
LICHSGFIN,EQ,333.45,333.6,10-APR-2023,INE115A01026
LICI,EQ,549.3,549.9,10-APR-2023,INE0J1Y01017
LICNETFGSC,EQ,23.33,23.3,10-APR-2023,INF767K01MV5
LICNETFN50,EQ,190.25,190.25,10-APR-2023,INF767K01OS7
LICNETFSEN,EQ,651.43,652,10-APR-2023,INF767K01OT5
LICNFNHGP,EQ,184.92,185,10-APR-2023,INF767K01PC8
LIKHITHA,EQ,251.85,251.75,10-APR-2023,INE060901027
LINC,EQ,577.25,577,10-APR-2023,INE802B01019
LINCOLN,EQ,374.5,373,10-APR-2023,INE405C01035
LINDEINDIA,EQ,4187.75,4200,10-APR-2023,INE473A01011
LIQUIDBEES,EQ,999.99,999.99,10-APR-2023,INF732E01037
LIQUIDETF,EQ,999.99,999.99,10-APR-2023,INF740KA1EU7
LODHA,EQ,942.8,940,10-APR-2023,INE670K01029
LOKESHMACH,EQ,119.2,120,10-APR-2023,INE397H01017
LOTUSEYE,EQ,61.95,61.6,10-APR-2023,INE947I01017
LOVABLE,EQ,96.3,95.95,10-APR-2023,INE597L01014
LOYALTEX,EQ,620.05,617,10-APR-2023,INE970D01010
LPDC,EQ,6.2,6.2,10-APR-2023,INE197J01017
LSIL,EQ,18.8,18.85,10-APR-2023,INE093R01011
LT,EQ,2309.7,2310,10-APR-2023,INE018A01030
LTGILTBEES,EQ,23.65,23.65,10-APR-2023,INF204KB1882
LTIM,EQ,4797.4,4785.7,10-APR-2023,INE214T01019
LTTS,EQ,3593.5,3576,10-APR-2023,INE010V01017
LUMAXIND,EQ,1925.1,1925,10-APR-2023,INE162B01018
LUMAXTECH,EQ,275.95,276,10-APR-2023,INE872H01027
LUPIN,EQ,663.7,663.2,10-APR-2023,INE326A01037
LUXIND,EQ,1219.75,1219.5,10-APR-2023,INE150G01020
LXCHEM,EQ,255.25,255.7,10-APR-2023,INE576O01020
LYKALABS,EQ,110.8,110.65,10-APR-2023,INE933A01014
LYPSAGEMS,EQ,4.35,4.3,10-APR-2023,INE142K01011
M&M,EQ,1188.6,1189,10-APR-2023,INE101A01026
M&MFIN,EQ,250.9,250.55,10-APR-2023,INE774D01024
MAANALU,EQ,185.45,185.25,10-APR-2023,INE215I01019
MACPOWER,EQ,292.3,291.6,10-APR-2023,INE155Z01011
MADHAV,EQ,42.25,42.15,10-APR-2023,INE925C01016
MADHUCON,EQ,4,4,10-APR-2023,INE378D01032
MADRASFERT,EQ,59.65,59.7,10-APR-2023,INE414A01015
MAESGETF,EQ,28.67,28.65,10-APR-2023,INF769K01GS9
MAFANG,EQ,49.09,49.1,10-APR-2023,INF769K01HF4
MAFSETF,EQ,18.51,18.53,10-APR-2023,INF769K01HI8
MAGADSUGAR,EQ,337.2,336.05,10-APR-2023,INE347W01011
MAGNUM,EQ,30.45,30.7,10-APR-2023,INE387I01016
MAGOLDETF,EQ,59.6,59.6,10-APR-2023,INF769K01JP9
MAGS813ETF,EQ,24.2,24.2,10-APR-2023,INF769K01KF8
MAHABANK,EQ,26.15,26.1,10-APR-2023,INE457A01014
MAHAPEXLTD,EQ,90.5,88.7,10-APR-2023,INE843B01013
MAHASTEEL,EQ,57.55,57.4,10-APR-2023,INE451L01014
MAHEPC,EQ,90.85,90.6,10-APR-2023,INE215D01010
MAHESHWARI,EQ,86.55,87.95,10-APR-2023,INE263W01010
MAHINDCIE,EQ,372.25,370.5,10-APR-2023,INE536H01010
MAHKTECH,EQ,14.89,14.85,10-APR-2023,INF769K01HS7
MAHLIFE,EQ,370.95,368.9,10-APR-2023,INE813A01018
MAHLOG,EQ,384.6,383.1,10-APR-2023,INE766P01016
MAHSCOOTER,EQ,4377.5,4370.05,10-APR-2023,INE288A01013
MAHSEAMLES,EQ,380.6,380.35,10-APR-2023,INE271B01025
MAITHANALL,EQ,845.25,847.15,10-APR-2023,INE683C01011
MALLCOM,EQ,802.7,797,10-APR-2023,INE389C01015
MALUPAPER,EQ,28.7,28.8,10-APR-2023,INE383H01017
MAM150ETF,EQ,11.59,11.6,10-APR-2023,INF769K01IC9
MAMFGETF,EQ,81.46,81.25,10-APR-2023,INF769K01IB1
MAN50ETF,EQ,184.1,184.35,10-APR-2023,INF769K01EG9
MANAKALUCO,EQ,21.2,21.25,10-APR-2023,INE859Q01017
MANAKCOAT,EQ,15.6,15.5,10-APR-2023,INE830Q01018
MANAKSIA,EQ,118.75,120,10-APR-2023,INE015D01022
MANAKSTEEL,EQ,36.45,36.3,10-APR-2023,INE824Q01011
MANALIPETC,EQ,68.75,68.7,10-APR-2023,INE201A01024
MANAPPURAM,EQ,128.15,127.95,10-APR-2023,INE522D01027
MANGALAM,EQ,113.3,113.7,10-APR-2023,INE584F01014
MANGCHEFER,EQ,103.35,103.85,10-APR-2023,INE558B01017
MANGLMCEM,EQ,267.5,265.1,10-APR-2023,INE347A01017
MANINDS,EQ,92.4,92.6,10-APR-2023,INE993A01026
MANINFRA,EQ,75.95,75.9,10-APR-2023,INE949H01023
MANOMAY,EQ,129.3,129,10-APR-2023,INE784W01015
MANORAMA,EQ,1056.25,1055.15,10-APR-2023,INE00VM01010
MANORG,EQ,355.1,353,10-APR-2023,INE370D01013
MANUGRAPH,EQ,16.35,16.2,10-APR-2023,INE867A01022
MANV30F,EQ,131.95,131.95,10-APR-2023,INF769K01JU9
MANXT50,EQ,386.26,385.73,10-APR-2023,INF769K01FN2
MANYAVAR,EQ,1140.1,1135,10-APR-2023,INE825V01034
MAPMYINDIA,EQ,1000.1,999.9,10-APR-2023,INE0BV301023
MARALOVER,EQ,53.95,54,10-APR-2023,INE882A01013
MARATHON,EQ,307.15,308,10-APR-2023,INE182D01020
MARICO,EQ,480.5,480,10-APR-2023,INE196A01026
MARINE,EQ,36.5,36.85,10-APR-2023,INE01JE01028
MARKSANS,EQ,72.3,72.25,10-APR-2023,INE750C01026
MARUTI,EQ,8535.15,8534,10-APR-2023,INE585B01010
MASFIN,EQ,738,739.7,10-APR-2023,INE348L01012
MASPTOP50,EQ,28.55,28.52,10-APR-2023,INF769K01HP3
MASTEK,EQ,1568.8,1565,10-APR-2023,INE759A01021
MATRIMONY,EQ,528.45,531.35,10-APR-2023,INE866R01028
MAWANASUG,EQ,90.35,89.75,10-APR-2023,INE636A01039
MAXHEALTH,EQ,440.7,441.45,10-APR-2023,INE027H01010
MAXIND,EQ,81.7,81.9,10-APR-2023,INE0CG601016
MAXVIL,EQ,156.85,155.25,10-APR-2023,INE154U01015
MAYURUNIQ,EQ,436.05,437,10-APR-2023,INE040D01038
MAZDA,EQ,637.35,637,10-APR-2023,INE885E01034
MAZDOCK,EQ,686.25,686.1,10-APR-2023,INE249Z01012
MBAPL,EQ,587.2,586.1,10-APR-2023,INE900L01010
MBLINFRA,EQ,16.85,16.7,10-APR-2023,INE912H01013
MCDOWELL-N,EQ,750.9,748,10-APR-2023,INE854D01024
MCL,EQ,26.6,26.75,10-APR-2023,INE813V01022
MCX,EQ,1515.55,1514,10-APR-2023,INE745G01035
MEDANTA,EQ,493.9,491.7,10-APR-2023,INE474Q01031
MEDICAMEQ,EQ,702.9,705,10-APR-2023,INE646B01010
MEDICO,EQ,84.05,84.4,10-APR-2023,INE630Y01024
MEDPLUS,EQ,671.3,673,10-APR-2023,INE804L01022
MEGASOFT,EQ,27.5,27.7,10-APR-2023,INE933B01012
MEGASTAR,EQ,229.45,228.2,10-APR-2023,INE00EM01016
MENONBE,EQ,103.85,103.15,10-APR-2023,INE071D01033
MEP,EQ,13.5,13.35,10-APR-2023,INE776I01010
METROBRAND,EQ,811.85,810,10-APR-2023,INE317I01021
METROPOLIS,EQ,1250.4,1249.9,10-APR-2023,INE112L01020
MFL,EQ,965.2,965,10-APR-2023,INE071N01016
MFSL,EQ,627.2,629,10-APR-2023,INE180A01020
MGEL,EQ,17.5,17.5,10-APR-2023,INE0APB01024
MGL,EQ,992.3,991.85,10-APR-2023,INE002S01010
MHLXMIRU,EQ,287.45,286,10-APR-2023,INE112D01035
MHRIL,EQ,277,275.25,10-APR-2023,INE998I01010
MICEL,EQ,12.65,12.6,10-APR-2023,INE287C01037
MID150BEES,EQ,117.63,117.89,10-APR-2023,INF204KB1V68
MIDHANI,EQ,185.75,186,10-APR-2023,INE099Z01011
MINDACORP,EQ,254.45,255.1,10-APR-2023,INE842C01021
MINDTECK,EQ,115.3,115,10-APR-2023,INE110B01017
MIRCELECTR,EQ,13.25,13.15,10-APR-2023,INE831A01028
MITCON,EQ,66,66,10-APR-2023,INE828O01033
MITTAL,EQ,10.3,10.5,10-APR-2023,INE997Y01019
MMFL,EQ,829.5,835.95,10-APR-2023,INE227C01017
MMP,EQ,138.55,139.5,10-APR-2023,INE511Y01018
MMTC,EQ,29.9,29.8,10-APR-2023,INE123F01029
MODISONLTD,EQ,57.45,56,10-APR-2023,INE737D01021
MOGSEC,EQ,51.53,51.55,10-APR-2023,INF247L01AK4
MOHEALTH,EQ,22.49,22.49,10-APR-2023,INF247L01BB1
MOHITIND,EQ,13.6,13.6,10-APR-2023,INE954E01012
MOIL,EQ,147.85,147.75,10-APR-2023,INE490G01020
MOKSH,EQ,9.7,9.75,10-APR-2023,INE514Y01020
MOL,EQ,89.15,89.8,10-APR-2023,INE0CT101020
MOLDTECH,EQ,275.5,277.8,10-APR-2023,INE835B01035
MOLDTKPAC,EQ,956.25,959,10-APR-2023,INE893J01029
MOLOWVOL,EQ,24.76,25.06,10-APR-2023,INF247L01BL0
MOM100,EQ,32.29,32.21,10-APR-2023,INF247L01023
MOM50,EQ,177.73,177.86,10-APR-2023,INF247L01536
MOMENTUM,EQ,18.53,18.54,10-APR-2023,INF209KB14K7
MOMOMENTUM,EQ,37.04,36.96,10-APR-2023,INF247L01BK2
MON100,EQ,103.65,103.6,10-APR-2023,INF247L01AP3
MONARCH,EQ,208.3,207.5,10-APR-2023,INE903D01011
MONQ50,EQ,52.99,53,10-APR-2023,INF247L01AU3
MONTECARLO,EQ,656.85,658.5,10-APR-2023,INE950M01013
MOQUALITY,EQ,117.07,117.07,10-APR-2023,INF247L01BH8
MORARJEE,EQ,19.25,19.25,10-APR-2023,INE161G01027
MOREPENLAB,EQ,26.8,26.8,10-APR-2023,INE083A01026
MOTHERSON,EQ,67.95,67.8,10-APR-2023,INE775A01035
MOTILALOFS,EQ,638.9,639.95,10-APR-2023,INE338I01027
MOVALUE,EQ,48.73,48.73,10-APR-2023,INF247L01BE5
MPHASIS,EQ,1811.7,1815.05,10-APR-2023,INE356A01018
MPSLTD,EQ,900.05,906.95,10-APR-2023,INE943D01017
MRF,EQ,84398.45,84537.25,10-APR-2023,INE883A01011
MRO-TEK,EQ,59.6,58.6,10-APR-2023,INE398B01018
MRPL,EQ,54.25,54.2,10-APR-2023,INE103A01014
MSPL,EQ,9.15,9.25,10-APR-2023,INE752G01015
MSTCLTD,EQ,267.3,267.95,10-APR-2023,INE255X01014
MSUMI,EQ,49.95,49.75,10-APR-2023,INE0FS801015
MTARTECH,EQ,1647.85,1646.15,10-APR-2023,INE864I01014
MTNL,EQ,18.75,18.8,10-APR-2023,INE153A01019
MUKANDLTD,EQ,138.9,138.65,10-APR-2023,INE304A01026
MUKTAARTS,EQ,49.45,50.25,10-APR-2023,INE374B01019
MUNJALAU,EQ,41.1,41.4,10-APR-2023,INE672B01032
MUNJALSHOW,EQ,90.55,91.4,10-APR-2023,INE577A01027
MURUDCERA,EQ,34.85,34.65,10-APR-2023,INE692B01014
MUTHOOTCAP,EQ,275.8,275,10-APR-2023,INE296G01013
MUTHOOTFIN,EQ,1027.95,1022.45,10-APR-2023,INE414G01012
NACLIND,EQ,84.2,84,10-APR-2023,INE295D01020
NAGAFERT,EQ,11.1,11.1,10-APR-2023,INE454M01024
NAGREEKCAP,EQ,21.8,21.8,10-APR-2023,INE245I01016
NAGREEKEXP,EQ,32.25,32.1,10-APR-2023,INE123B01028
NAHARCAP,EQ,269.3,269.1,10-APR-2023,INE049I01012
NAHARINDUS,EQ,99.4,99.5,10-APR-2023,INE289A01011
NAHARPOLY,EQ,239.65,242,10-APR-2023,INE308A01027
NAHARSPING,EQ,272.35,273.8,10-APR-2023,INE290A01027
NAM-INDIA,EQ,214.5,215.3,10-APR-2023,INE298J01013
NARMADA,EQ,21.25,21.3,10-APR-2023,INE117Z01011
NATCOPHARM,EQ,584.8,590.85,10-APR-2023,INE987B01026
NATHBIOGEN,EQ,153.65,153.05,10-APR-2023,INE448G01010
NATIONALUM,EQ,80.1,80.2,10-APR-2023,INE139A01034
NAUKRI,EQ,3735.15,3715,10-APR-2023,INE663F01024
NAVA,EQ,230.55,231.6,10-APR-2023,INE725A01022
NAVINFLUOR,EQ,4267.75,4265.1,10-APR-2023,INE048G01026
NAVKARCORP,EQ,55.85,55.7,10-APR-2023,INE278M01019
NAVNETEDUL,EQ,101.65,102.1,10-APR-2023,INE060A01024
NAZARA,EQ,539.65,540.35,10-APR-2023,INE418L01021
NBCC,EQ,37.3,37.25,10-APR-2023,INE095N01031
NBIFIN,EQ,1474.95,1471.05,10-APR-2023,INE365I01020
NCC,EQ,107.55,107.6,10-APR-2023,INE868B01028
NCLIND,EQ,180.05,180.1,10-APR-2023,INE732C01016
NDGL,EQ,1330.55,1333.7,10-APR-2023,INE756C01015
NDL,EQ,25.25,25.4,10-APR-2023,INE875G01030
NDRAUTO,EQ,588.3,590,10-APR-2023,INE07OG01012
NDTV,EQ,195.25,194.7,10-APR-2023,INE155G01029
NECCLTD,EQ,18.8,18.65,10-APR-2023,INE553C01016
NECLIFE,EQ,16.95,17.05,10-APR-2023,INE023H01027
NELCAST,EQ,96.25,96.25,10-APR-2023,INE189I01024
NELCO,EQ,560.3,561.45,10-APR-2023,INE045B01015
NEOGEN,EQ,1410.9,1409.05,10-APR-2023,INE136S01016
NESCO,EQ,541.95,541,10-APR-2023,INE317F01035
NESTLEIND,EQ,19530.2,19600,10-APR-2023,INE239A01016
NETF,EQ,184.21,184.21,10-APR-2023,INF277K015R5
NETWORK18,EQ,56.3,56.15,10-APR-2023,INE870H01013
NEULANDLAB,EQ,2113,2119,10-APR-2023,INE794A01010
NEWGEN,EQ,444.15,444.9,10-APR-2023,INE619B01017
NEXTMEDIA,EQ,4.65,4.65,10-APR-2023,INE747B01016
NFL,EQ,75.95,76,10-APR-2023,INE870D01012
NGIL,EQ,55.4,55.4,10-APR-2023,INE236Y01012
NGLFINE,EQ,1366.3,1370,10-APR-2023,INE887E01022
NH,EQ,772.1,769,10-APR-2023,INE410P01011
NHPC,EQ,40.05,40,10-APR-2023,INE848E01016
NIACL,EQ,102.3,102.2,10-APR-2023,INE470Y01017
NIBL,EQ,18.35,18.1,10-APR-2023,INE047O01014
NIF100BEES,EQ,180.88,181.23,10-APR-2023,INF204K014N5
NIFTYBEES,EQ,192.64,192.57,10-APR-2023,INF204KB14I2
NIFTYQLITY,EQ,14.33,14.35,10-APR-2023,INF209KB15K4
NIITLTD,EQ,360.05,360,10-APR-2023,INE161A01038
NILAINFRA,EQ,5.2,5.2,10-APR-2023,INE937C01029
NILASPACES,EQ,2.95,2.9,10-APR-2023,INE00S901012
NILKAMAL,EQ,1897.05,1891,10-APR-2023,INE310A01015
NINSYS,EQ,316.1,316.6,10-APR-2023,INE395U01014
NIPPOBATRY,EQ,333.2,335.95,10-APR-2023,INE567A01028
NIRAJ,EQ,30.25,30.3,10-APR-2023,INE368I01016
NITCO,EQ,19.95,19.75,10-APR-2023,INE858F01012
NITINSPIN,EQ,257.75,258,10-APR-2023,INE229H01012
NITIRAJ,EQ,72.2,72.2,10-APR-2023,INE439T01012
NKIND,EQ,40.1,39,10-APR-2023,INE542C01019
NLCINDIA,EQ,76.65,76.8,10-APR-2023,INE589A01014
NMDC,EQ,110.85,110.9,10-APR-2023,INE584A01023
NOCIL,EQ,209.85,210,10-APR-2023,INE163A01018
NOIDATOLL,EQ,6.9,6.9,10-APR-2023,INE781B01015
NORBTEAEXP,EQ,8.25,8.25,10-APR-2023,INE369C01017
NOVARTIND,EQ,601.2,600.25,10-APR-2023,INE234A01025
NPBET,EQ,210.32,210,10-APR-2023,INF277K010X4
NRAIL,EQ,220.7,224.9,10-APR-2023,INE740D01017
NRBBEARING,EQ,137.95,137.55,10-APR-2023,INE349A01021
NRL,EQ,116.55,116.05,10-APR-2023,INE0JM501013
NSIL,EQ,2150.5,2142,10-APR-2023,INE023A01030
NSLNISP,EQ,32.55,32.5,10-APR-2023,INE0NNS01018
NTPC,EQ,177.6,177.65,10-APR-2023,INE733E01010
NUCLEUS,EQ,666,659.95,10-APR-2023,INE096B01018
NURECA,EQ,334.2,332.5,10-APR-2023,INE0DSF01015
NUVOCO,EQ,338.15,338,10-APR-2023,INE118D01016
NV20BEES,EQ,104.3,104.75,10-APR-2023,INF204KB18I3
NXTDIGITAL,EQ,115,114.9,10-APR-2023,INE353A01023
NYKAA,EQ,129.05,129.1,10-APR-2023,INE388Y01029
OAL,EQ,347.75,348,10-APR-2023,INE959C01023
OBCL,EQ,52.15,52.5,10-APR-2023,INE426Z01016
OBEROIRLTY,EQ,906.95,908.6,10-APR-2023,INE093I01010
OCCL,EQ,699.9,698.25,10-APR-2023,INE321D01016
OFSS,EQ,3303.85,3305,10-APR-2023,INE881D01027
OIL,EQ,257.95,258.05,10-APR-2023,INE274J01014
OILCOUNTUB,EQ,15.65,15.25,10-APR-2023,INE591A01010
OLECTRA,EQ,657.9,659,10-APR-2023,INE260D01016
OMAXAUTO,EQ,38.75,38.4,10-APR-2023,INE090B01011
OMAXE,EQ,54.1,53.9,10-APR-2023,INE800H01010
OMINFRAL,EQ,36.7,36.35,10-APR-2023,INE239D01028
ONELIFECAP,EQ,13.95,13.7,10-APR-2023,INE912L01015
ONEPOINT,EQ,18.8,18.85,10-APR-2023,INE840Y01029
ONGC,EQ,157.15,156.6,10-APR-2023,INE213A01029
ONMOBILE,EQ,65.15,65.2,10-APR-2023,INE809I01019
ONWARDTEC,EQ,336.65,335,10-APR-2023,INE229A01017
OPTIEMUS,EQ,202.05,201,10-APR-2023,INE350C01017
ORBTEXP,EQ,127.95,128,10-APR-2023,INE231G01010
ORICONENT,EQ,19.25,19.3,10-APR-2023,INE730A01022
ORIENTABRA,EQ,25.3,25.2,10-APR-2023,INE569C01020
ORIENTALTL,EQ,6.35,6.4,10-APR-2023,INE998H01012
ORIENTBELL,EQ,528.7,529.5,10-APR-2023,INE607D01018
ORIENTCEM,EQ,117.7,118.05,10-APR-2023,INE876N01018
ORIENTELEC,EQ,227.65,228.3,10-APR-2023,INE142Z01019
ORIENTHOT,EQ,82.25,81.95,10-APR-2023,INE750A01020
ORIENTLTD,EQ,57.75,57.75,10-APR-2023,INE609C01024
ORIENTPPR,EQ,38.1,38.2,10-APR-2023,INE592A01026
ORISSAMINE,EQ,2479.5,2487,10-APR-2023,INE725E01024
ORTINLAB,EQ,19.5,19.45,10-APR-2023,INE749B01020
OSIAHYPER,EQ,35.25,34.8,10-APR-2023,INE06IR01021
OSWALAGRO,EQ,28.2,28.25,10-APR-2023,INE142A01012
OSWALSEEDS,EQ,355.1,358,10-APR-2023,INE00IK01011
PAGEIND,EQ,36622.7,36678,10-APR-2023,INE761H01022
PAISALO,EQ,54.9,54.95,10-APR-2023,INE420C01059
PALASHSECU,EQ,101.4,101.15,10-APR-2023,INE471W01019
PALREDTEC,EQ,132.8,133.7,10-APR-2023,INE218G01033
PANACEABIO,EQ,115.85,116,10-APR-2023,INE922B01023
PANAMAPET,EQ,300.55,298,10-APR-2023,INE305C01029
PANSARI,EQ,81.05,80.5,10-APR-2023,INE697V01011
PAR,EQ,140.45,140,10-APR-2023,INE04LG01015
PARACABLES,EQ,34.55,34.35,10-APR-2023,INE074B01023
PARADEEP,EQ,52.9,52.9,10-APR-2023,INE088F01024
PARAGMILK,EQ,83.2,82.7,10-APR-2023,INE883N01014
PARAS,EQ,489.45,489.7,10-APR-2023,INE045601015
PARSVNATH,EQ,6.95,7,10-APR-2023,INE561H01026
PASUPTAC,EQ,28.85,28.75,10-APR-2023,INE818B01023
PATELENG,EQ,15,15,10-APR-2023,INE244B01030
PATINTLOG,EQ,11.95,12,10-APR-2023,INE529D01014
PAYTM,EQ,656.5,659,10-APR-2023,INE982J01020
PCBL,EQ,113.4,113.65,10-APR-2023,INE602A01031
PCJEWELLER,EQ,27.05,27.05,10-APR-2023,INE785M01013
PDMJEPAPER,EQ,39.3,39.4,10-APR-2023,INE865T01018
PDSL,EQ,350.3,352,10-APR-2023,INE111Q01021
PEARLPOLY,EQ,20.05,20.05,10-APR-2023,INE844A01013
PEL,EQ,701.95,702,10-APR-2023,INE140A01024
PENIND,EQ,78.15,78.3,10-APR-2023,INE932A01024
PENINLAND,EQ,14.5,14.7,10-APR-2023,INE138A01028
PERSISTENT,EQ,4569.75,4568,10-APR-2023,INE262H01013
PETRONET,EQ,228.5,228.2,10-APR-2023,INE347G01014
PFC,EQ,166.4,166.65,10-APR-2023,INE134E01011
PFIZER,EQ,3606.25,3613,10-APR-2023,INE182A01018
PFOCUS,EQ,92.3,89.8,10-APR-2023,INE367G01038
PFS,EQ,14.25,14.25,10-APR-2023,INE560K01014
PGEL,EQ,1433.85,1438,10-APR-2023,INE457L01011
PGHH,EQ,14145.15,14050,10-APR-2023,INE179A01014
PGHL,EQ,4921.2,4938,10-APR-2023,INE199A01012
PGIL,EQ,414.55,413,10-APR-2023,INE940H01014
PHARMABEES,EQ,12.45,12.45,10-APR-2023,INF204KC1089
PHOENIXLTD,EQ,1289.85,1288,10-APR-2023,INE211B01039
PIDILITIND,EQ,2355.7,2359,10-APR-2023,INE318A01026
PIIND,EQ,3039.35,3030.25,10-APR-2023,INE603J01030
PILANIINVS,EQ,1712.05,1716,10-APR-2023,INE417C01014
PILITA,EQ,6.8,6.8,10-APR-2023,INE600A01035
PIONEEREMB,EQ,32.5,32.15,10-APR-2023,INE156C01018
PITTIENG,EQ,293.35,293,10-APR-2023,INE450D01021
PIXTRANS,EQ,812.2,812,10-APR-2023,INE751B01018
PLASTIBLEN,EQ,163.55,163.05,10-APR-2023,INE083C01022
PNB,EQ,47.05,47,10-APR-2023,INE160A01022
PNBGILTS,EQ,59.1,59.3,10-APR-2023,INE859A01011
PNBHOUSING,EQ,450.25,449.6,10-APR-2023,INE572E01012
PNC,EQ,34.15,33.8,10-APR-2023,INE392B01011
PNCINFRA,EQ,290.25,291.5,10-APR-2023,INE195J01029
POCL,EQ,333.95,334.6,10-APR-2023,INE063E01046
PODDARHOUS,EQ,98.55,98.55,10-APR-2023,INE888B01018
PODDARMENT,EQ,272.05,271.05,10-APR-2023,INE371C01013
POKARNA,EQ,272.6,273.95,10-APR-2023,INE637C01025
POLICYBZR,EQ,589.6,589.9,10-APR-2023,INE417T01026
POLYCAB,EQ,2975,2981.65,10-APR-2023,INE455K01017
POLYMED,EQ,945.15,944,10-APR-2023,INE205C01021
POLYPLEX,EQ,1268.75,1267.6,10-APR-2023,INE633B01018
PONNIERODE,EQ,469.65,468.35,10-APR-2023,INE838E01017
POONAWALLA,EQ,286.25,286.55,10-APR-2023,INE511C01022
POWERGRID,EQ,229.05,228.9,10-APR-2023,INE752E01010
POWERINDIA,EQ,3161.55,3160.2,10-APR-2023,INE07Y701011
POWERMECH,EQ,2480.05,2483.2,10-APR-2023,INE211R01019
PPAP,EQ,183.85,185.5,10-APR-2023,INE095I01015
PPL,EQ,147.9,147.8,10-APR-2023,INE050001010
PPLPHARMA,EQ,69.9,69.9,10-APR-2023,INE0DK501011
PRAENG,EQ,12.65,12.5,10-APR-2023,INE505C01016
PRAJIND,EQ,342.6,342.05,10-APR-2023,INE074A01025
PRAKASH,EQ,52.35,52.4,10-APR-2023,INE603A01013
PRAKASHSTL,EQ,4.15,4.2,10-APR-2023,INE696K01024
PRAXIS,EQ,18.6,19,10-APR-2023,INE546Y01022
PRECAM,EQ,103.45,104.25,10-APR-2023,INE484I01029
PRECOT,EQ,201.95,198.9,10-APR-2023,INE283A01014
PRECWIRE,EQ,70.1,70.2,10-APR-2023,INE372C01037
PREMEXPLN,EQ,413.05,413,10-APR-2023,INE863B01011
PREMIERPOL,EQ,82.6,82.5,10-APR-2023,INE309M01012
PRESSMN,EQ,70.45,71,10-APR-2023,INE980A01023
PRESTIGE,EQ,445.75,448,10-APR-2023,INE811K01011
PRICOLLTD,EQ,229.55,228.75,10-APR-2023,INE726V01018
PRIMESECU,EQ,111.5,112,10-APR-2023,INE032B01021
PRINCEPIPE,EQ,562.3,563,10-APR-2023,INE689W01016
PRITI,EQ,148.95,151,10-APR-2023,INE974Z01015
PRITIKAUTO,EQ,15.85,15.85,10-APR-2023,INE583R01029
PRIVISCL,EQ,1090.25,1092,10-APR-2023,INE959A01019
PROZONINTU,EQ,23.7,23.75,10-APR-2023,INE195N01013
PRSMJOHNSN,EQ,110.8,110,10-APR-2023,INE010A01011
PRUDENT,EQ,812.15,817,10-APR-2023,INE00F201020
PSB,EQ,26,26.1,10-APR-2023,INE608A01012
PSPPROJECT,EQ,677.05,678.5,10-APR-2023,INE488V01015
PSUBANKICI,EQ,37.19,37.2,10-APR-2023,INF109KC10S8
PSUBNKBEES,EQ,41.07,41.16,10-APR-2023,INF204KB16I7
PTC,EQ,93.25,93.05,10-APR-2023,INE877F01012
PTL,EQ,31.1,31.15,10-APR-2023,INE034D01049
PUNJABCHEM,EQ,826.7,830.25,10-APR-2023,INE277B01014
PURVA,EQ,76.2,75.75,10-APR-2023,INE323I01011
PVP,EQ,8.9,8.9,10-APR-2023,INE362A01016
PVR,EQ,1549.8,1550,10-APR-2023,INE191H01014
QGOLDHALF,EQ,51.15,51.17,10-APR-2023,INF082J01408
QNIFTY,EQ,1867.99,1868,10-APR-2023,INF082J01028
QUESS,EQ,374.9,373.6,10-APR-2023,INE615P01015
QUICKHEAL,EQ,145.9,145.9,10-APR-2023,INE306L01010
RADHIKAJWE,EQ,152,151.2,10-APR-2023,INE583V01013
RADIANTCMS,EQ,94.25,93.6,10-APR-2023,INE855R01021
RADICO,EQ,1111.15,1114.85,10-APR-2023,INE944F01028
RADIOCITY,EQ,11.35,11.45,10-APR-2023,INE919I01024
RAILTEL,EQ,104.3,104.7,10-APR-2023,INE0DD101019
RAIN,EQ,154.7,154.6,10-APR-2023,INE855B01025
RAINBOW,EQ,737.95,738.95,10-APR-2023,INE961O01016
RAJESHEXPO,EQ,624.95,619.95,10-APR-2023,INE343B01030
RAJMET,EQ,13,13.1,10-APR-2023,INE00KV01022
RAJRATAN,EQ,766.85,768.95,10-APR-2023,INE451D01029
RAJSREESUG,EQ,41.4,41.5,10-APR-2023,INE562B01019
RAJTV,EQ,44.55,44.55,10-APR-2023,INE952H01027
RALLIS,EQ,204.05,204.5,10-APR-2023,INE613A01020
RAMANEWS,EQ,11.85,12.05,10-APR-2023,INE278B01020
RAMAPHO,EQ,230.15,230.5,10-APR-2023,INE809A01024
RAMASTEEL,EQ,31.2,31.15,10-APR-2023,INE230R01035
RAMCOCEM,EQ,759.75,757.5,10-APR-2023,INE331A01037
RAMCOIND,EQ,130.95,131.8,10-APR-2023,INE614A01028
RAMCOSYS,EQ,225.05,224.8,10-APR-2023,INE246B01019
RAMKY,EQ,326.9,324,10-APR-2023,INE874I01013
RAMRAT,EQ,192.15,194.95,10-APR-2023,INE207E01023
RANASUG,EQ,22.9,23,10-APR-2023,INE625B01014
RANEENGINE,EQ,216.55,216.8,10-APR-2023,INE222J01013
RANEHOLDIN,EQ,880.95,876.1,10-APR-2023,INE384A01010
RATEGAIN,EQ,349.1,350,10-APR-2023,INE0CLI01024
RATNAMANI,EQ,2065,2061,10-APR-2023,INE703B01027
RAYMOND,EQ,1288.5,1289.4,10-APR-2023,INE301A01014
RBA,EQ,93.85,94.2,10-APR-2023,INE07T201019
RBL,EQ,678.2,677.95,10-APR-2023,INE244J01017
RBLBANK,EQ,143.9,143.8,10-APR-2023,INE976G01028
RCF,EQ,100,99.95,10-APR-2023,INE027A01015
RECLTD,EQ,124.05,124.2,10-APR-2023,INE020B01018
REDINGTON,EQ,175,175.1,10-APR-2023,INE891D01026
REFEX,EQ,288.85,288.85,10-APR-2023,INE056I01017
RELAXO,EQ,822.95,823.5,10-APR-2023,INE131B01039
RELCHEMQ,EQ,185.55,184.05,10-APR-2023,INE750D01016
RELIANCE,EQ,2324.85,2324.05,10-APR-2023,INE002A01018
RELIGARE,EQ,148.8,148.95,10-APR-2023,INE621H01010
RELINFRA,EQ,146.8,146.9,10-APR-2023,INE036A01016
REMSONSIND,EQ,227.05,225.1,10-APR-2023,INE474C01015
RENUKA,EQ,45.4,45.45,10-APR-2023,INE087H01022
REPCOHOME,EQ,189.05,189.5,10-APR-2023,INE612J01015
REPL,EQ,161.15,160.05,10-APR-2023,INE364Z01019
REPRO,EQ,378.2,376.05,10-APR-2023,INE461B01014
RESPONIND,EQ,130.2,129.4,10-APR-2023,INE688D01026
REVATHI,EQ,1325.7,1340,10-APR-2023,INE617A01013
RGL,EQ,84.9,84.65,10-APR-2023,INE722H01024
RHFL,EQ,3.45,3.45,10-APR-2023,INE217K01011
RHIM,EQ,611.95,612.7,10-APR-2023,INE743M01012
RICOAUTO,EQ,71.35,71.3,10-APR-2023,INE209B01025
RIIL,EQ,813,812.25,10-APR-2023,INE046A01015
RITCO,EQ,164.55,164.5,10-APR-2023,INE01EG01016
RITES,EQ,350.1,350,10-APR-2023,INE320J01015
RKDL,EQ,14.8,14.85,10-APR-2023,INE722J01012
RKEC,EQ,53.45,53.8,10-APR-2023,INE786W01010
RKFORGE,EQ,307.55,307,10-APR-2023,INE399G01023
RML,EQ,426.55,423.5,10-APR-2023,INE050H01012
ROHLTD,EQ,259.3,259,10-APR-2023,INE283H01019
ROLEXRINGS,EQ,1956.15,1955,10-APR-2023,INE645S01016
ROLLT,EQ,1.05,1.1,10-APR-2023,INE927A01040
ROML,EQ,38.65,38.35,10-APR-2023,INE294G01026
ROSSARI,EQ,740.95,745.9,10-APR-2023,INE02A801020
ROSSELLIND,EQ,261.6,263.5,10-APR-2023,INE847C01020
ROTO,EQ,578.2,579.3,10-APR-2023,INE535D01029
ROUTE,EQ,1257.5,1262.95,10-APR-2023,INE450U01017
RPGLIFE,EQ,741.25,737,10-APR-2023,INE105J01010
RPOWER,EQ,10.9,10.9,10-APR-2023,INE614G01033
RPPINFRA,EQ,42.25,42.3,10-APR-2023,INE324L01013
RPPL,EQ,157.1,156.1,10-APR-2023,INE760W01015
RPSGVENT,EQ,393.7,394,10-APR-2023,INE425Y01011
RSSOFTWARE,EQ,25.5,25.65,10-APR-2023,INE165B01029
RSWM,EQ,166.65,167.9,10-APR-2023,INE611A01016
RSYSTEMS,EQ,257.35,256.55,10-APR-2023,INE411H01032
RTNINDIA,EQ,38.8,38.6,10-APR-2023,INE834M01019
RTNPOWER,EQ,3.3,3.3,10-APR-2023,INE399K01017
RUBYMILLS,EQ,186,184.45,10-APR-2023,INE301D01026
RUCHIRA,EQ,101.65,102.1,10-APR-2023,INE803H01014
RUPA,EQ,224.45,224.3,10-APR-2023,INE895B01021
RUSHIL,EQ,277.75,278.6,10-APR-2023,INE573K01017
RUSTOMJEE,EQ,441.75,442,10-APR-2023,INE263M01029
RVHL,EQ,22.1,21.65,10-APR-2023,INE09E501017
RVNL,EQ,74.3,74.2,10-APR-2023,INE415G01027
SADBHAV,EQ,10.4,10.4,10-APR-2023,INE226H01026
SADBHIN,EQ,3.6,3.6,10-APR-2023,INE764L01010
SAFARI,EQ,2100.7,2113.85,10-APR-2023,INE429E01023
SAGARDEEP,EQ,22.55,22.7,10-APR-2023,INE976T01013
SAGCEM,EQ,184.95,185.1,10-APR-2023,INE229C01021
SAH,EQ,74.7,75,10-APR-2023,INE035801013
SAHYADRI,EQ,372,373,10-APR-2023,INE280H01015
SAIL,EQ,82.45,82.5,10-APR-2023,INE114A01011
SAKAR,EQ,221.9,221.8,10-APR-2023,INE732S01012
SAKHTISUG,EQ,21.6,21.7,10-APR-2023,INE623A01011
SAKSOFT,EQ,160.35,161,10-APR-2023,INE667G01023
SAKUMA,EQ,10.95,10.85,10-APR-2023,INE190H01024
SALASAR,EQ,40.35,40.6,10-APR-2023,INE170V01027
SALONA,EQ,240.3,240,10-APR-2023,INE498E01010
SALSTEEL,EQ,15.25,15.25,10-APR-2023,INE658G01014
SALZERELEC,EQ,297.15,295.15,10-APR-2023,INE457F01013
SAMBHAAV,EQ,3.05,3.05,10-APR-2023,INE699B01027
SANDESH,EQ,919.2,915.2,10-APR-2023,INE583B01015
SANDHAR,EQ,203.85,203.55,10-APR-2023,INE278H01035
SANGAMIND,EQ,242.35,243,10-APR-2023,INE495C01010
SANGHIIND,EQ,68.35,68,10-APR-2023,INE999B01013
SANGHVIMOV,EQ,361.1,361.8,10-APR-2023,INE989A01024
SANGINITA,EQ,19.55,19.6,10-APR-2023,INE753W01010
SANOFI,EQ,5999.2,5989.9,10-APR-2023,INE058A01010
SANSERA,EQ,735.65,734,10-APR-2023,INE953O01021
SAPPHIRE,EQ,1194.45,1192.2,10-APR-2023,INE806T01012
SARDAEN,EQ,1115.6,1109.05,10-APR-2023,INE385C01013
SAREGAMA,EQ,329.1,328.9,10-APR-2023,INE979A01025
SARLAPOLY,EQ,37.75,37.4,10-APR-2023,INE453D01025
SARVESHWAR,EQ,78.45,79.35,10-APR-2023,INE324X01018
SASKEN,EQ,821.3,824.2,10-APR-2023,INE231F01020
SASTASUNDR,EQ,240.1,243,10-APR-2023,INE019J01013
SATIA,EQ,112.85,112.9,10-APR-2023,INE170E01023
SATIN,EQ,140.15,140.25,10-APR-2023,INE836B01017
SATINDLTD,EQ,65.65,65.75,10-APR-2023,INE065D01027
SBC,EQ,18.2,18.3,10-APR-2023,INE04AK01028
SBCL,EQ,516,515.45,10-APR-2023,INE386D01027
SBGLP,EQ,191.15,193.7,10-APR-2023,INE05ST01010
SBICARD,EQ,739.5,739.6,10-APR-2023,INE018E01016
SBIETFCON,EQ,73.28,73.25,10-APR-2023,INF200KA1X17
SBIETFIT,EQ,302.09,302,10-APR-2023,INF200KA1S14
SBIETFPB,EQ,207.35,207.9,10-APR-2023,INF200KA1S22
SBIETFQLTY,EQ,150.16,150.23,10-APR-2023,INF200KA1WX6
SBILIFE,EQ,1106.25,1106,10-APR-2023,INE123W01016
SBIN,EQ,526.3,525.7,10-APR-2023,INE062A01020
SCAPDVR,EQ,16.65,16.65,10-APR-2023,INE224E01036
SCHAEFFLER,EQ,3099.15,3098,10-APR-2023,INE513A01022
SCHAND,EQ,219.25,218.7,10-APR-2023,INE807K01035
SCHNEIDER,EQ,162.9,162.6,10-APR-2023,INE839M01018
SCPL,EQ,663.95,668.7,10-APR-2023,INE501Y01019
SDBL,EQ,147.75,148.05,10-APR-2023,INE480C01020
SDL24BEES,EQ,112.42,112.42,10-APR-2023,INF204KB18W4
SDL26BEES,EQ,112.44,112.44,10-APR-2023,INF204KC1022
SEAMECLTD,EQ,612.4,615.9,10-APR-2023,INE497B01018
SECURCRED,EQ,22.95,23.25,10-APR-2023,INE195Y01010
SECURKLOUD,EQ,34.95,34.95,10-APR-2023,INE650K01021
SELAN,EQ,264.95,263.55,10-APR-2023,INE818A01017
SEPC,EQ,11.05,11,10-APR-2023,INE964H01014
SEPOWER,EQ,13.85,14.15,10-APR-2023,INE735M01018
SEQUENT,EQ,73.1,73.05,10-APR-2023,INE807F01027
SESHAPAPER,EQ,246.05,245.6,10-APR-2023,INE630A01024
SETCO,EQ,6.95,6.95,10-APR-2023,INE878E01021
SETF10GILT,EQ,211.84,211.79,10-APR-2023,INF200KA1JT1
SETFGOLD,EQ,52.81,52.76,10-APR-2023,INF200KA16D8
SETFNIF50,EQ,182.38,182.37,10-APR-2023,INF200KA1FS1
SETFNIFBK,EQ,409.84,409.51,10-APR-2023,INF200KA1580
SETFNN50,EQ,401.42,401.1,10-APR-2023,INF200KA1598
SFL,EQ,1059.15,1061.1,10-APR-2023,INE916U01025
SGIL,EQ,123.75,124.8,10-APR-2023,INE00QT01015
SGL,EQ,14.85,15,10-APR-2023,INE353H01010
SHAHALLOYS,EQ,50.8,51.25,10-APR-2023,INE640C01011
SHAILY,EQ,1084.6,1088.25,10-APR-2023,INE151G01010
SHAKTIPUMP,EQ,430.25,431,10-APR-2023,INE908D01010
SHALBY,EQ,144.85,146,10-APR-2023,INE597J01018
SHALPAINTS,EQ,148.9,149.95,10-APR-2023,INE849C01026
SHANKARA,EQ,643.5,643.3,10-APR-2023,INE274V01019
SHANTI,EQ,15.4,15.35,10-APR-2023,INE933X01016
SHANTIGEAR,EQ,375.65,374.05,10-APR-2023,INE631A01022
SHARDACROP,EQ,469.75,467,10-APR-2023,INE221J01015
SHARDAMOTR,EQ,623.4,630,10-APR-2023,INE597I01028
SHAREINDIA,EQ,1191.8,1190,10-APR-2023,INE932X01018
SHARIABEES,EQ,397.5,397.5,10-APR-2023,INF732E01128
SHEMAROO,EQ,116.7,116.95,10-APR-2023,INE363M01019
SHILPAMED,EQ,233.35,233.7,10-APR-2023,INE790G01031
SHIVALIK,EQ,770.15,772.5,10-APR-2023,INE788J01021
SHIVAMAUTO,EQ,25.6,26,10-APR-2023,INE637H01024
SHIVAMILLS,EQ,73.5,74.3,10-APR-2023,INE644Y01017
SHIVATEX,EQ,122.35,121.85,10-APR-2023,INE705C01020
SHK,EQ,104.85,105,10-APR-2023,INE500L01026
SHOPERSTOP,EQ,600.2,600,10-APR-2023,INE498B01024
SHRADHA,EQ,39.4,39.25,10-APR-2023,INE715Y01023
SHREDIGCEM,EQ,63.7,63.5,10-APR-2023,INE232A01011
SHREECEM,EQ,26000.75,25950,10-APR-2023,INE070A01015
SHREEPUSHK,EQ,158.55,157.8,10-APR-2023,INE712K01011
SHREERAMA,EQ,10.25,10.2,10-APR-2023,INE879A01019
SHRENIK,EQ,1.3,1.3,10-APR-2023,INE632X01030
SHREYANIND,EQ,156.35,157,10-APR-2023,INE231C01019
SHREYAS,EQ,266.95,268,10-APR-2023,INE757B01015
SHRIRAMFIN,EQ,1304.75,1303,10-APR-2023,INE721A01013
SHRIRAMPPS,EQ,65.15,64.95,10-APR-2023,INE217L01019
SHYAMCENT,EQ,17.8,17.95,10-APR-2023,INE979R01011
SHYAMMETL,EQ,281.95,282,10-APR-2023,INE810G01011
SHYAMTEL,EQ,8.25,8.25,10-APR-2023,INE635A01023
SIEMENS,EQ,3383.6,3380,10-APR-2023,INE003A01024
SIGACHI,EQ,237.3,239,10-APR-2023,INE0D0K01014
SIGIND,EQ,35.2,35.2,10-APR-2023,INE529F01035
SIKKO,EQ,85.55,85.85,10-APR-2023,INE112X01017
SILGO,EQ,16.65,16.8,10-APR-2023,INE01II01013
SILINV,EQ,286.2,290.8,10-APR-2023,INE923A01015
SILLYMONKS,EQ,17.7,18,10-APR-2023,INE203Y01012
SILVER,EQ,75.96,76.05,10-APR-2023,INF209KB19F6
SILVERBEES,EQ,73.24,73.23,10-APR-2023,INF204KC1402
SILVERTUC,EQ,354.45,355.5,10-APR-2023,INE625X01018
SIMBHALS,EQ,21.75,21.8,10-APR-2023,INE748T01016
SIMPLEXINF,EQ,38.95,39.15,10-APR-2023,INE059B01024
SINTERCOM,EQ,100.25,100.25,10-APR-2023,INE129Z01016
SIRCA,EQ,626.55,628.85,10-APR-2023,INE792Z01011
SIS,EQ,347.8,347.05,10-APR-2023,INE285J01028
SITINET,EQ,1.25,1.25,10-APR-2023,INE965H01011
SIYSIL,EQ,451.25,453,10-APR-2023,INE076B01028
SJS,EQ,402.6,405.95,10-APR-2023,INE284S01014
SJVN,EQ,32.6,32.7,10-APR-2023,INE002L01015
SKFINDIA,EQ,4288.6,4308,10-APR-2023,INE640A01023
SKIPPER,EQ,102.45,102.85,10-APR-2023,INE439E01022
SKMEGGPROD,EQ,154.3,154.6,10-APR-2023,INE411D01015
SKYGOLD,EQ,346.65,347.95,10-APR-2023,INE01IU01018
SMARTLINK,EQ,152.75,152.95,10-APR-2023,INE178C01020
SMCGLOBAL,EQ,72.3,72.35,10-APR-2023,INE103C01036
SMLISUZU,EQ,879.25,876.9,10-APR-2023,INE294B01019
SMLT,EQ,174.65,177,10-APR-2023,INE017W01010
SMSLIFE,EQ,558.8,560,10-APR-2023,INE320X01016
SMSPHARMA,EQ,70,69.7,10-APR-2023,INE812G01025
SNOWMAN,EQ,32.45,32.7,10-APR-2023,INE734N01019
SOBHA,EQ,464.85,463.5,10-APR-2023,INE671H01015
SOFTTECH,EQ,145.95,145.45,10-APR-2023,INE728Z01015
SOLARA,EQ,338.95,338.55,10-APR-2023,INE624Z01016
SOLARINDS,EQ,3724.35,3730,10-APR-2023,INE343H01029
SOMANYCERA,EQ,489.1,491,10-APR-2023,INE355A01028
SOMICONVEY,EQ,42.3,42.6,10-APR-2023,INE323J01019
SONACOMS,EQ,418.75,418.75,10-APR-2023,INE073K01018
SONAMCLOCK,EQ,38.9,38.8,10-APR-2023,INE00LM01011
SONATSOFTW,EQ,860.05,857.95,10-APR-2023,INE269A01021
SOTL,EQ,259.9,260.8,10-APR-2023,INE035D01020
SOUTHBANK,EQ,15.25,15.3,10-APR-2023,INE683A01023
SOUTHWEST,EQ,140.75,148,10-APR-2023,INE980Y01015
SPAL,EQ,340.95,337,10-APR-2023,INE212I01016
SPANDANA,EQ,545.8,545,10-APR-2023,INE572J01011
SPARC,EQ,182.95,182.65,10-APR-2023,INE232I01014
SPCENET,EQ,15.95,16,10-APR-2023,INE970N01027
SPECIALITY,EQ,212.5,212.2,10-APR-2023,INE247M01014
SPENCERS,EQ,57.4,57.6,10-APR-2023,INE020801028
SPIC,EQ,60.7,61.05,10-APR-2023,INE147A01011
SPICEJET,EQ,31.9,32,10-APR-2023,INE285B01017
SPLIL,EQ,63.1,63.5,10-APR-2023,INE978G01016
SPLPETRO,EQ,385.7,388.6,10-APR-2023,INE663A01033
SPMLINFRA,EQ,20.4,20.4,10-APR-2023,INE937A01023
SPORTKING,EQ,676.2,674.2,10-APR-2023,INE885H01011
SREEL,EQ,179.4,178,10-APR-2023,INE099F01013
SRF,EQ,2389.7,2393,10-APR-2023,INE647A01010
SRHHYPOLTD,EQ,473.9,474.35,10-APR-2023,INE917H01012
SRPL,EQ,45.15,45,10-APR-2023,INE008Z01012
SSWL,EQ,154.7,155,10-APR-2023,INE802C01033
STAR,EQ,310.55,310.1,10-APR-2023,INE939A01011
STARCEMENT,EQ,114.35,115,10-APR-2023,INE460H01021
STARHEALTH,EQ,566,564,10-APR-2023,INE575P01011
STARPAPER,EQ,155.1,155.8,10-APR-2023,INE733A01018
STARTECK,EQ,117.55,117.9,10-APR-2023,INE992I01013
STCINDIA,EQ,72.95,72.65,10-APR-2023,INE655A01013
STEELCAS,EQ,484.45,483.35,10-APR-2023,INE124E01020
STEELCITY,EQ,62.8,62.5,10-APR-2023,INE395H01011
STEELXIND,EQ,15.15,15.15,10-APR-2023,INE503B01021
STEL,EQ,145.8,145,10-APR-2023,INE577L01016
STERTOOLS,EQ,432.1,431.6,10-APR-2023,INE334A01023
STLTECH,EQ,156.75,157.3,10-APR-2023,INE089C01029
STOVEKRAFT,EQ,370.85,372.95,10-APR-2023,INE00IN01015
STYLAMIND,EQ,1068.4,1072,10-APR-2023,INE239C01020
STYRENIX,EQ,774.9,772,10-APR-2023,INE189B01011
SUBEXLTD,EQ,32.2,32.1,10-APR-2023,INE754A01055
SUBROS,EQ,300.55,300.6,10-APR-2023,INE287B01021
SUDARSCHEM,EQ,418.1,420,10-APR-2023,INE659A01023
SUKHJITS,EQ,392.95,395,10-APR-2023,INE450E01011
SULA,EQ,360.65,361.1,10-APR-2023,INE142Q01026
SUMICHEM,EQ,426.25,427.7,10-APR-2023,INE258G01013
SUMMITSEC,EQ,584.6,581,10-APR-2023,INE519C01017
SUNCLAYLTD,EQ,3764.6,3758,10-APR-2023,INE105A01035
SUNDARAM,EQ,2.5,2.5,10-APR-2023,INE108E01023
SUNDARMFIN,EQ,2362.5,2365,10-APR-2023,INE660A01013
SUNDARMHLD,EQ,81.45,81.5,10-APR-2023,INE202Z01029
SUNDRMBRAK,EQ,360.4,360.4,10-APR-2023,INE073D01013
SUNDRMFAST,EQ,997.15,995.75,10-APR-2023,INE387A01021
SUNFLAG,EQ,147.9,147.3,10-APR-2023,INE947A01014
SUNPHARMA,EQ,1008.6,1008.4,10-APR-2023,INE044A01036
SUNTECK,EQ,295.25,295.35,10-APR-2023,INE805D01034
SUNTV,EQ,425.15,425,10-APR-2023,INE424H01027
SUPERHOUSE,EQ,241.95,241.45,10-APR-2023,INE712B01010
SUPERSPIN,EQ,7,7.1,10-APR-2023,INE662A01027
SUPRAJIT,EQ,357.25,355,10-APR-2023,INE399C01030
SUPREMEENG,EQ,0.85,0.85,10-APR-2023,INE319Z01021
SUPREMEIND,EQ,2586.4,2558,10-APR-2023,INE195A01028
SUPREMEINF,EQ,22.95,22.9,10-APR-2023,INE550H01011
SUPRIYA,EQ,211.95,212.3,10-APR-2023,INE07RO01027
SURANASOL,EQ,19.4,19.5,10-APR-2023,INE272L01022
SURANAT&P,EQ,9.45,9.5,10-APR-2023,INE130B01031
SURYALAXMI,EQ,50.85,51,10-APR-2023,INE713B01026
SURYAROSNI,EQ,728.75,727.75,10-APR-2023,INE335A01012
SURYODAY,EQ,100.3,100.85,10-APR-2023,INE428Q01011
SUTLEJTEX,EQ,44.65,44.45,10-APR-2023,INE645H01027
SUULD,EQ,13.65,13.65,10-APR-2023,INE591Q01016
SUVEN,EQ,51.35,51.3,10-APR-2023,INE495B01038
SUVENPHAR,EQ,467.75,467.05,10-APR-2023,INE03QK01018
SUVIDHAA,EQ,4.55,4.55,10-APR-2023,INE018401013
SUZLON,EQ,8.05,8.1,10-APR-2023,INE040H01021
SVPGLOB,EQ,10.05,10,10-APR-2023,INE308E01029
SWANENERGY,EQ,222.45,221.8,10-APR-2023,INE665A01038
SWARAJENG,EQ,1599.8,1598.5,10-APR-2023,INE277A01016
SWELECTES,EQ,309.45,310.5,10-APR-2023,INE409B01013
SWSOLAR,EQ,303.05,301.3,10-APR-2023,INE00M201021
SYMPHONY,EQ,962.4,964.4,10-APR-2023,INE225D01027
SYNCOMF,EQ,6.55,6.6,10-APR-2023,INE312C01025
SYNGENE,EQ,603.1,603,10-APR-2023,INE398R01022
SYRMA,EQ,280.7,279.25,10-APR-2023,INE0DYJ01015
TAINWALCHM,EQ,113.5,115.9,10-APR-2023,INE123C01018
TAJGVK,EQ,203.2,202.5,10-APR-2023,INE586B01026
TAKE,EQ,15.95,15.85,10-APR-2023,INE142I01023
TALBROAUTO,EQ,444.85,446,10-APR-2023,INE187D01011
TANLA,EQ,566.1,569,10-APR-2023,INE483C01032
TARAPUR,EQ,3.3,3.3,10-APR-2023,INE747K01017
TARC,EQ,44.75,44.5,10-APR-2023,INE0EK901012
TARMAT,EQ,74.15,74.45,10-APR-2023,INE924H01018
TARSONS,EQ,554.15,562,10-APR-2023,INE144Z01023
TASTYBITE,EQ,9066.95,9074.1,10-APR-2023,INE488B01017
TATACHEM,EQ,1003.65,1002.35,10-APR-2023,INE092A01019
TATACOFFEE,EQ,209.85,210.1,10-APR-2023,INE493A01027
TATACOMM,EQ,1264.85,1268.35,10-APR-2023,INE151A01013
TATACONSUM,EQ,720.65,721.8,10-APR-2023,INE192A01025
TATAELXSI,EQ,6201.1,6233,10-APR-2023,INE670A01012
TATAINVEST,EQ,1955.05,1958,10-APR-2023,INE672A01018
TATAMETALI,EQ,752.45,753.6,10-APR-2023,INE056C01010
TATAMOTORS,EQ,461.3,460.9,10-APR-2023,INE155A01022
TATAMTRDVR,EQ,229.65,229.4,10-APR-2023,IN9155A01020
TATAPOWER,EQ,195.7,195.8,10-APR-2023,INE245A01021
TATASTEEL,EQ,104.95,105.1,10-APR-2023,INE081A01020
TATASTLLP,EQ,637.05,638.8,10-APR-2023,INE674A01014
TATVA,EQ,1638.85,1639,10-APR-2023,INE0GK401011
TBZ,EQ,66,65.8,10-APR-2023,INE760L01018
TCI,EQ,614.85,613.4,10-APR-2023,INE688A01022
TCIEXP,EQ,1486.4,1479,10-APR-2023,INE586V01016
TCNSBRANDS,EQ,464.5,464.85,10-APR-2023,INE778U01029
TCPLPACK,EQ,1481.95,1493.4,10-APR-2023,INE822C01015
TCS,EQ,3263.4,3263,10-APR-2023,INE467B01029
TDPOWERSYS,EQ,157.8,158,10-APR-2023,INE419M01027
TEAMLEASE,EQ,2193,2190,10-APR-2023,INE985S01024
TECH,EQ,29.51,29.5,10-APR-2023,INF209KB11D8
TECHIN,EQ,9.05,9.05,10-APR-2023,INE778A01021
TECHM,EQ,1107.25,1107.9,10-APR-2023,INE669C01036
TECHNOE,EQ,338.2,338.95,10-APR-2023,INE285K01026
TEGA,EQ,688.9,688,10-APR-2023,INE011K01018
TEJASNET,EQ,610.65,611.5,10-APR-2023,INE010J01012
TEMBO,EQ,190,188.6,10-APR-2023,INE869Y01010
TERASOFT,EQ,37.35,37,10-APR-2023,INE482B01010
TEXINFRA,EQ,52.55,51.5,10-APR-2023,INE435C01024
TEXMOPIPES,EQ,49.2,49.45,10-APR-2023,INE141K01013
TEXRAIL,EQ,45.7,45.9,10-APR-2023,INE621L01012
TFCILTD,EQ,72.4,72.1,10-APR-2023,INE305A01015
TFL,EQ,8.65,8.95,10-APR-2023,INE804H01012
TGBHOTELS,EQ,9.05,8.95,10-APR-2023,INE797H01018
THANGAMAYL,EQ,1010.65,1007,10-APR-2023,INE085J01014
THEINVEST,EQ,72.75,72.05,10-APR-2023,INE924D01017
THEMISMED,EQ,1252.05,1254,10-APR-2023,INE083B01016
THERMAX,EQ,2316.1,2305.55,10-APR-2023,INE152A01029
THOMASCOOK,EQ,62.5,62.9,10-APR-2023,INE332A01027
THOMASCOTT,EQ,43.25,43.3,10-APR-2023,INE480M01011
THYROCARE,EQ,475.9,473,10-APR-2023,INE594H01019
TI,EQ,116.25,115.5,10-APR-2023,INE133E01013
TIDEWATER,EQ,856.7,857.7,10-APR-2023,INE484C01030
TIIL,EQ,1341.5,1358,10-APR-2023,INE545H01011
TIINDIA,EQ,2575.95,2572,10-APR-2023,INE974X01010
TIJARIA,EQ,4.7,4.7,10-APR-2023,INE440L01017
TIMESGTY,EQ,53.4,54.15,10-APR-2023,INE289C01025
TIMETECHNO,EQ,81.5,81.5,10-APR-2023,INE508G01029
TIMKEN,EQ,2934.95,2932.75,10-APR-2023,INE325A01013
TINPLATE,EQ,315.5,315.8,10-APR-2023,INE422C01014
TIPSFILMS,EQ,424.15,424.8,10-APR-2023,INE0LQS01015
TIPSINDLTD,EQ,1596.15,1597.5,10-APR-2023,INE716B01011
TIRUMALCHM,EQ,182.1,182.5,10-APR-2023,INE338A01024
TIRUPATIFL,EQ,10.15,10.2,10-APR-2023,INE319Y01024
TITAN,EQ,2583.7,2578,10-APR-2023,INE280A01028
TMB,EQ,399.7,400,10-APR-2023,INE668A01016
TNIDETF,EQ,53.14,53.33,10-APR-2023,INF277KA1364
TNPETRO,EQ,76.1,77,10-APR-2023,INE148A01019
TNPL,EQ,230.55,230.5,10-APR-2023,INE107A01015
TOKYOPLAST,EQ,98.1,98,10-APR-2023,INE932C01012
TORNTPHARM,EQ,1576.2,1571.5,10-APR-2023,INE685A01028
TORNTPOWER,EQ,520,520.05,10-APR-2023,INE813H01021
TOTAL,EQ,132.1,132.6,10-APR-2023,INE336X01012
TOUCHWOOD,EQ,172.15,173,10-APR-2023,INE486Y01013
TPLPLASTEH,EQ,30.15,30.3,10-APR-2023,INE413G01022
TRACXN,EQ,70.45,70.2,10-APR-2023,INE0HMF01019
TREEHOUSE,EQ,15.85,16,10-APR-2023,INE040M01013
TREJHARA,EQ,58,57.25,10-APR-2023,INE00CA01015
TRENT,EQ,1358.7,1353.75,10-APR-2023,INE849A01020
TRF,EQ,160.7,160.5,10-APR-2023,INE391D01019
TRIDENT,EQ,29.8,29.8,10-APR-2023,INE064C01022
TRIGYN,EQ,93.6,93.8,10-APR-2023,INE948A01012
TRIL,EQ,59.45,59.6,10-APR-2023,INE763I01026
TRITURBINE,EQ,332.1,332.1,10-APR-2023,INE152M01016
TRIVENI,EQ,274.55,275.85,10-APR-2023,INE256C01024
TRU,EQ,61.6,61.5,10-APR-2023,INE615R01029
TTKHLTCARE,EQ,1286.15,1298,10-APR-2023,INE910C01018
TTKPRESTIG,EQ,714.55,715,10-APR-2023,INE690A01028
TTL,EQ,74.05,73.55,10-APR-2023,INE592B01016
TTML,EQ,60.95,60.95,10-APR-2023,INE517B01013
TV18BRDCST,EQ,30.15,30.05,10-APR-2023,INE886H01027
TVSELECT,EQ,360.2,360.05,10-APR-2023,INE236G01019
TVSMOTOR,EQ,1107.65,1102.2,10-APR-2023,INE494B01023
TVSSRICHAK,EQ,2710.75,2721,10-APR-2023,INE421C01016
TVTODAY,EQ,197.1,196.95,10-APR-2023,INE038F01029
TVVISION,EQ,2.3,2.3,10-APR-2023,INE871L01013
TWL,EQ,286.8,287,10-APR-2023,INE615H01020
UBL,EQ,1398,1398,10-APR-2023,INE686F01025
UCALFUEL,EQ,116.9,116.9,10-APR-2023,INE139B01016
UCOBANK,EQ,24.9,24.85,10-APR-2023,INE691A01018
UDAICEMENT,EQ,28.25,28.45,10-APR-2023,INE225C01029
UFLEX,EQ,371.2,372,10-APR-2023,INE516A01017
UFO,EQ,68.85,69.3,10-APR-2023,INE527H01019
UGARSUGAR,EQ,97.7,97.75,10-APR-2023,INE071E01023
UGROCAP,EQ,160,160,10-APR-2023,INE583D01011
UJJIVAN,EQ,265,264.55,10-APR-2023,INE334L01012
UJJIVANSFB,EQ,26.3,26.35,10-APR-2023,INE551W01018
ULTRACEMCO,EQ,7696.25,7700,10-APR-2023,INE481G01011
UMAEXPORTS,EQ,40.3,40.4,10-APR-2023,INE0GIU01018
UMANGDAIRY,EQ,60.35,61.15,10-APR-2023,INE864B01027
UMESLTD,EQ,3.55,3.6,10-APR-2023,INE240C01028
UNICHEMLAB,EQ,365.8,369,10-APR-2023,INE351A01035
UNIDT,EQ,220.9,220.55,10-APR-2023,INE961D01019
UNIENTER,EQ,157.6,156.1,10-APR-2023,INE037A01022
UNIINFO,EQ,18.7,18.9,10-APR-2023,INE481Z01011
UNIONBANK,EQ,66.6,66.7,10-APR-2023,INE692A01016
UNIPARTS,EQ,523.35,524,10-APR-2023,INE244O01017
UNITEDPOLY,EQ,84.15,84.15,10-APR-2023,INE368U01011
UNITEDTEA,EQ,278.2,273.15,10-APR-2023,INE458F01011
UNIVASTU,EQ,85.45,85.5,10-APR-2023,INE562X01013
UNIVCABLES,EQ,409.6,407.15,10-APR-2023,INE279A01012
UNIVPHOTO,EQ,382.7,381.8,10-APR-2023,INE03V001013
UNOMINDA,EQ,502.95,504.45,10-APR-2023,INE405E01023
UPL,EQ,737.75,735.3,10-APR-2023,INE628A01036
URJA,EQ,7.65,7.65,10-APR-2023,INE550C01020
USHAMART,EQ,210.65,210.5,10-APR-2023,INE228A01035
UTIAMC,EQ,664.4,668.3,10-APR-2023,INE094J01016
UTIBANKETF,EQ,41.3,41.28,10-APR-2023,INF789F1AUV1
UTINEXT50,EQ,40.89,41.1,10-APR-2023,INF789F1AUW9
UTINIFTETF,EQ,1880.15,1879.19,10-APR-2023,INF789FB1X41
UTISENSETF,EQ,636.37,636.21,10-APR-2023,INF789FB1X58
UTISXN50,EQ,48.32,48.25,10-APR-2023,INF789F1AUU3
UTTAMSUGAR,EQ,246.15,248,10-APR-2023,INE786F01031
V2RETAIL,EQ,80.1,80,10-APR-2023,INE945H01013
VADILALIND,EQ,2045.9,2038,10-APR-2023,INE694D01016
VAIBHAVGBL,EQ,309.3,308.1,10-APR-2023,INE884A01027
VAISHALI,EQ,145.15,145,10-APR-2023,INE972X01014
VAKRANGEE,EQ,17,17.1,10-APR-2023,INE051B01021
VALIANTORG,EQ,438.6,437.85,10-APR-2023,INE565V01010
VARDHACRLC,EQ,49.35,49.75,10-APR-2023,INE116G01013
VARDMNPOLY,EQ,28.15,28,10-APR-2023,INE835A01011
VARROC,EQ,261,261.15,10-APR-2023,INE665L01035
VASCONEQ,EQ,27.05,27.4,10-APR-2023,INE893I01013
VASWANI,EQ,20.8,20.8,10-APR-2023,INE590L01019
VBL,EQ,1413.7,1416.4,10-APR-2023,INE200M01013
VCL,EQ,2.2,2.25,10-APR-2023,INE098201036
VEDL,EQ,269.9,269.6,10-APR-2023,INE205A01025
VENKEYS,EQ,1522.65,1520,10-APR-2023,INE398A01010
VENUSPIPES,EQ,780.95,781.95,10-APR-2023,INE0JA001018
VENUSREM,EQ,172.45,173,10-APR-2023,INE411B01019
VERANDA,EQ,196.5,196.1,10-APR-2023,INE0IQ001011
VERTOZ,EQ,218.15,217.95,10-APR-2023,INE188Y01015
VESUVIUS,EQ,1698.55,1709.75,10-APR-2023,INE386A01015
VETO,EQ,85.2,84.85,10-APR-2023,INE918N01018
VGUARD,EQ,251.75,250.9,10-APR-2023,INE951I01027
VHL,EQ,2655.35,2657.95,10-APR-2023,INE701A01023
VIDHIING,EQ,344.5,345,10-APR-2023,INE632C01026
VIJAYA,EQ,390.75,391.95,10-APR-2023,INE043W01024
VIJIFIN,EQ,2.3,2.3,10-APR-2023,INE159N01027
VIKASECO,EQ,2.7,2.65,10-APR-2023,INE806A01020
VIKASLIFE,EQ,3.3,3.3,10-APR-2023,INE161L01027
VIMTALABS,EQ,337.9,337.2,10-APR-2023,INE579C01029
VINATIORGA,EQ,1873.8,1872.4,10-APR-2023,INE410B01037
VINDHYATEL,EQ,1738.15,1735,10-APR-2023,INE707A01012
VINEETLAB,EQ,46.95,47,10-APR-2023,INE505Y01010
VINYLINDIA,EQ,405.2,405.2,10-APR-2023,INE250B01029
VIPCLOTHNG,EQ,40.65,40.55,10-APR-2023,INE450G01024
VIPIND,EQ,601.55,600.45,10-APR-2023,INE054A01027
VIPULLTD,EQ,12.75,12.75,10-APR-2023,INE946H01037
VISAKAIND,EQ,384.05,384,10-APR-2023,INE392A01013
VISESHINFO,EQ,0.45,0.5,10-APR-2023,INE861A01058
VISHAL,EQ,18.95,19.1,10-APR-2023,INE755Q01025
VISHNU,EQ,305.85,305.85,10-APR-2023,INE270I01022
VISHWARAJ,EQ,15.25,15.3,10-APR-2023,INE430N01022
VIVIDHA,EQ,0.95,1,10-APR-2023,INE370E01029
VLSFINANCE,EQ,152.1,151.55,10-APR-2023,INE709A01018
VMART,EQ,2098,2104,10-APR-2023,INE665J01013
VOLTAMP,EQ,2905.05,2902,10-APR-2023,INE540H01012
VOLTAS,EQ,823.25,823.55,10-APR-2023,INE226A01021
VRLLOG,EQ,638.4,635.25,10-APR-2023,INE366I01010
VSSL,EQ,413.6,414,10-APR-2023,INE050M01012
VSTIND,EQ,3310.05,3314,10-APR-2023,INE710A01016
VSTTILLERS,EQ,2447.45,2448,10-APR-2023,INE764D01017
VTL,EQ,306.55,305.5,10-APR-2023,INE825A01020
WABAG,EQ,352.65,352.2,10-APR-2023,INE956G01038
WALCHANNAG,EQ,60.45,60.6,10-APR-2023,INE711A01022
WATERBASE,EQ,66.25,66.45,10-APR-2023,INE054C01015
WEALTH,EQ,297,297.05,10-APR-2023,INE658T01017
WEBELSOLAR,EQ,82.8,82.3,10-APR-2023,INE855C01015
WEIZMANIND,EQ,83.6,83.1,10-APR-2023,INE080A01014
WEL,EQ,223.5,223.9,10-APR-2023,INE02WG01016
WELCORP,EQ,212.75,212.6,10-APR-2023,INE191B01025
WELENT,EQ,131.5,131.95,10-APR-2023,INE625G01013
WELINV,EQ,285.8,289.5,10-APR-2023,INE389K01018
WELSPUNIND,EQ,74.6,74.4,10-APR-2023,INE192B01031
WENDT,EQ,8593.25,8635.1,10-APR-2023,INE274C01019
WESTLIFE,EQ,724.4,728,10-APR-2023,INE274F01020
WEWIN,EQ,40.35,40.35,10-APR-2023,INE082W01014
WHEELS,EQ,506.35,505,10-APR-2023,INE715A01015
WHIRLPOOL,EQ,1326.85,1328.95,10-APR-2023,INE716A01013
WILLAMAGOR,EQ,19.15,19.1,10-APR-2023,INE210A01017
WINDLAS,EQ,248.5,248,10-APR-2023,INE0H5O01029
WINDMACHIN,EQ,40.15,40.05,10-APR-2023,INE052A01021
WINPRO,EQ,2.4,2.4,10-APR-2023,INE974C01022
WIPRO,EQ,373.3,374.1,10-APR-2023,INE075A01022
WOCKPHARMA,EQ,162.05,161.2,10-APR-2023,INE049B01025
WONDERLA,EQ,418.8,419.95,10-APR-2023,INE066O01014
WORTH,EQ,96,96.35,10-APR-2023,INE196Y01018
WSI,EQ,39.45,39.45,10-APR-2023,INE100D01014
WSTCSTPAPR,EQ,520.1,524.5,10-APR-2023,INE976A01021
XCHANGING,EQ,58.05,58.85,10-APR-2023,INE692G01013
XELPMOC,EQ,99.4,99.4,10-APR-2023,INE01P501012
XPROINDIA,EQ,654.35,657.9,10-APR-2023,INE445C01015
YAARI,EQ,14.7,14.65,10-APR-2023,INE126M01010
YESBANK,EQ,15.2,15.2,10-APR-2023,INE528G01035
YUKEN,EQ,532.45,535,10-APR-2023,INE384C01016
ZEEL,EQ,211.45,211.4,10-APR-2023,INE256A01028
ZEELEARN,EQ,3.85,3.85,10-APR-2023,INE565L01011
ZEEMEDIA,EQ,9.05,9.1,10-APR-2023,INE966H01019
ZENITHSTL,EQ,4.6,4.65,10-APR-2023,INE318D01020
ZENSARTECH,EQ,286.15,286.55,10-APR-2023,INE520A01027
ZENTEC,EQ,311.4,309.85,10-APR-2023,INE251B01027
ZFCVINDIA,EQ,10227.6,10232.3,10-APR-2023,INE342J01019
ZIMLAB,EQ,79.15,80,10-APR-2023,INE518E01015
ZODIAC,EQ,119.8,119.8,10-APR-2023,INE761Y01019
ZODIACLOTH,EQ,88.7,87.75,10-APR-2023,INE206B01013
ZOMATO,EQ,53.95,53.9,10-APR-2023,INE758T01015
ZOTA,EQ,284.25,283.1,10-APR-2023,INE358U01012
ZUARI,EQ,128.2,128.15,10-APR-2023,INE840M01016
ZUARIIND,EQ,118.25,118.15,10-APR-2023,INE217A01012
ZYDUSLIFE,EQ,496.5,496.4,10-APR-2023,INE010B01027
ZYDUSWELL,EQ,1509.35,1509.4,10-APR-2023,INE768C01010
